"SIUQ3G_L"	"STHFJP_L"	"S8APX1_L"	"SACBBR_L"	"SIRUBH_L"	"S5MEZA_L"	"SCNXZK_L"	"SC1YIM_L"	"SBWPUY_L"	"SY34ZS_L"	"SUXEKB_L"	"SG3CB2_L"	"SLWUQ2_L"	"SKYQAL_L"	"SQVR9H_L"
"0043115c023a616869a6241ab9b4f065"	0	0	0	0	0	0	0	0	253	0	0	0	0	0	0
"005e346c578ba44a4efc6767b23e379d"	0	258	0	0	0	155	0	88	0	576	0	0	0	0	0
"009c68843e272b2abd2865acd9ac4f00"	0	0	0	0	0	0	0	0	0	0	0	0	414	0	0
"00cd2abdf3e215ca69abc89538380583"	0	0	0	0	0	0	0	0	0	0	0	0	0	86	0
"01372324c7e9c5d446fbeb713251f662"	0	0	0	0	0	0	0	0	12	57	0	0	0	0	0
"0149a9757872f84333d9b1a57a5eeeb9"	0	0	0	0	0	0	0	0	0	4433	0	0	0	0	0
"016100de5d1236396f19f306e872340b"	0	0	0	0	0	0	0	0	0	0	0	4	0	0	0
"0213a01a6f4ca2f6b6ecb6d522ff308c"	0	0	0	0	0	0	2001	0	0	0	0	0	0	0	0
"02433d601f1d2efcfbb47f4448510808"	0	0	0	0	0	0	0	0	0	4090	0	0	0	0	0
"02b597dca17bcf50f2fd0c7e4da2899e"	0	0	0	0	0	0	1261	0	0	0	0	0	0	0	0
"02befe5a7078b847529b5c0863bcd545"	0	0	0	162	0	0	0	0	0	0	0	0	0	0	0
"033783afb850c18de93f9fca812e94bb"	0	0	0	0	0	0	0	0	0	0	145	0	0	0	0
"0356ac282ab51a409e15199e44d49f5e"	0	0	0	0	0	0	0	0	0	0	0	0	603	0	0
"0393e7e75c00c9b0590676f542deb7c8"	0	0	212	0	0	0	0	0	0	0	0	0	0	0	0
"04008f141329dbfb0c149731c8090841"	0	0	0	0	0	0	0	0	0	0	7297	0	0	0	0
"0471e7e45568fa358b752e654a85a32e"	0	0	6337	0	6079	0	0	0	0	0	0	0	0	0	0
"047f7d2933054bc37803d6e4b2ce20fe"	0	382	0	0	0	0	0	0	0	0	0	0	0	0	0
"0482b3f595d2af6c89f3a891e241c09f"	0	0	0	0	0	0	0	0	0	0	0	106	0	0	0
"04d7e731301d018f9dd7c422f0812b63"	171	0	0	0	0	0	0	0	0	0	0	0	0	0	0
"04da8861bb912cf1a3d3573fbe16b218"	0	0	0	0	0	1353	0	0	0	0	0	0	0	0	0
"0528a6dd1d9a0fb70ea38e8991b74cd4"	0	0	0	0	0	0	0	0	0	0	0	0	110	0	0
"05591ec67b8b72c325a0a920d2f037bd"	0	0	341	0	0	0	0	0	0	0	0	0	0	0	0
"056da051cc8741ec06a689f5ef31bc98"	0	3324	0	0	0	0	0	0	0	0	0	0	0	0	0
"05c7db56787bff5e60a8cb857d8bcdbe"	0	0	0	0	0	0	0	0	0	0	0	0	1324	0	0
"05cc7cf1f1fc9f625c6f8aeb46b9ef35"	0	0	0	0	0	0	0	0	0	0	84	0	0	0	0
"05d0e9b2423a8847281b0b2368d45656"	0	0	0	0	0	891	0	0	0	0	0	0	0	0	0
"0600e28a521e414ad4c9d3801547764a"	0	226	0	0	0	0	1597	0	0	68	0	0	0	0	0
"061c3095ca7d7843fca76d7ae1497fc0"	0	0	0	0	69	0	5567	0	0	1099	0	0	0	23099	0
"068f7dd9a125bef545e036ce870e4c57"	0	0	0	0	0	0	0	0	0	24	0	0	0	0	0
"06cc310af8556229492e9f43d795bb2d"	927	4779	0	1392	180	2640	6549	49	0	16580	0	0	0	2501	1828
"07cee10fc44ae52265d3ad6f429cefe1"	0	0	0	0	0	0	0	0	0	163	0	0	0	0	0
"07f74f6f08f226d3aa14b974539da793"	0	0	0	0	0	0	0	0	0	0	0	0	0	94	0
"083aadd0c34219e2ad22a6e5c2d30e5f"	0	0	0	0	0	0	0	0	0	0	2	0	0	0	0
"0858959ab0ea186344b4efd48fd73ebf"	0	0	0	0	0	0	0	0	0	0	0	0	0	386	0
"086cf92cdebc42d8fb58c9f2055b0b89"	0	0	0	0	0	0	13142	0	0	0	0	0	0	13903	0
"088d6fa46fa943ac9c8a25bbbce54848"	0	0	0	0	0	0	0	0	0	0	0	0	0	2484	0
"088fa2db9232d55db48d5739d74b090b"	0	0	0	0	8101	0	0	0	0	9811	0	0	5460	0	0
"089ba876a0777bb7286689befba13374"	33831	18658	15472	6308	25033	11153	14462	12376	35283	28292	26998	20142	4351	23115	20691
"08a54a5648f5461568925aea33575579"	0	0	0	0	0	0	0	0	0	1287	0	0	0	0	0
"08e80a9785fcafae669c7c244e7a1c67"	0	0	0	0	0	0	0	0	0	0	0	0	7	0	0
"092ac41105cee3dde919da563c8f6337"	0	0	0	0	0	0	0	0	0	0	0	0	0	190	0
"098e30b352da1da7368357f5b67d9aed"	0	0	0	0	0	0	0	0	0	0	0	0	3062	0	0
"09a744ee97df0c8eef59dd39778e7cf2"	0	1435	0	0	0	0	0	0	0	2917	0	0	0	0	0
"09d4530cfe612ac5530831611671744c"	0	0	0	0	0	0	0	0	0	0	5092	0	0	0	0
"0aa0b3341547a32a9b5272eb1d599e6b"	0	0	0	0	0	0	0	0	562	0	0	0	0	0	0
"0aba142c37c233474f09b24c41b64d75"	0	1741	0	0	0	0	0	0	0	0	0	0	0	0	0
"0b321e163f38476ecb7a47612ef71e23"	0	1231	0	0	0	0	0	0	0	0	0	0	0	0	0
"0b59d372ff5628c11271fddb1c41055e"	0	0	0	24	0	0	0	0	0	0	0	0	0	0	0
"0ba12a40e48b460425247b48fc53dc1b"	0	0	0	0	0	0	0	0	0	0	0	0	0	4	0
"0c09f6dd53a01f962e130f880505e5bd"	0	0	0	0	0	0	0	0	0	0	27	0	0	0	0
"0c101c3904d153a2c2cd55108757c07a"	0	0	0	0	0	0	0	54	0	733	0	0	0	0	0
"0ca5b67414ffe7f9e9d5a635a31d826a"	0	0	0	0	0	0	0	0	0	0	0	144	0	0	0
"0d1f7623ce480d74cbb9cdb70054f807"	0	0	0	0	0	272	0	0	0	1972	0	0	0	224	0
"0d58dab685c715a7064badd2ea9e67be"	0	0	135	0	0	3452	0	0	6202	0	14420	0	0	0	10663
"0d7f6f1da0d6e29fa942d5ac284cb89a"	0	0	0	0	0	0	0	0	0	147	0	0	0	0	0
"0df287bf7b7d0fa030446bd05306453b"	0	0	0	183	0	0	0	0	0	0	0	0	0	0	0
"0e45c20317e0065f54c7d5f4bee98091"	0	59	0	0	0	4703	2340	0	0	705	103	176	0	85	0
"0edd766c8ac26f30da72e97152739f1a"	0	0	0	0	0	0	0	0	0	0	0	0	0	158	0
"0ee4e125fe2cf22c87b629b3753f5a36"	0	0	0	0	0	0	0	0	0	1873	0	0	0	26	0
"0eeea42c4588fd6f999da21f7fbfa56a"	0	0	33	0	0	0	0	0	0	0	0	0	0	0	0
"0f0a4e883af5bff0bd58c6adcc76364d"	0	0	0	0	0	0	0	0	66	0	234	0	0	0	0
"0f2c82c5bfd36fd19afb65a0ae09bb70"	0	0	0	112	0	0	0	0	0	0	0	0	0	0	0
"0f49ea88f95d13c4b0da10fe35a8de49"	0	0	0	0	0	2998	0	0	0	0	0	0	0	0	0
"0f6670555bafc987beb47378740a93f7"	0	0	0	0	0	0	0	0	0	203	0	0	0	0	0
"0f74e4819941eb06ce085f842371df89"	0	0	171	0	0	0	0	0	0	0	0	0	0	0	0
"0f8be99e400ac4778a1ffd9d2ebf4e98"	0	0	0	0	0	0	0	0	0	0	0	0	0	791	0
"0f91904c9048858713df26766b3244b6"	0	0	0	0	0	0	0	0	0	0	0	38	0	0	0
"0f94418c25cf48ecba32339c7397c7cf"	0	0	0	448	0	0	0	0	0	0	0	0	0	424	0
"0fb1b1be894737575bf2010f2685ce9f"	0	0	0	0	0	952	0	0	0	0	0	0	0	0	0
"0fc09662cd78794971f18496d7f66c2f"	4671	0	0	0	0	0	0	0	0	0	0	0	0	0	0
"0fecf2ad502b63ae987301f5e3a599c2"	0	2870	2986	0	0	0	0	0	0	0	0	0	1	0	59
"103cf67e39649770ca725b6907d07030"	0	17	0	0	0	0	1944	0	0	0	0	0	0	0	0
"10df98ef64148a7e4a3d4e2b8251f233"	0	0	0	0	0	0	2	0	0	0	0	0	0	0	0
"110388d84313feb457587865e68f973f"	0	0	0	0	0	263	0	0	0	0	0	0	0	0	0
"1143c9f10e981f35d9f7a11788a322e1"	0	1006	828	0	62343	799	0	0	0	1869	11684	0	0	3472	0
"119e6937d008001c2848e446e8e077a1"	0	3995	0	0	0	0	0	0	0	542	0	0	0	0	0
"1201c2c6c487ade97b1b2995b8d3eec1"	0	0	1346	0	0	0	0	0	0	0	0	0	0	0	0
"12362e65f3091e073cdd829ff2b190c2"	0	0	0	0	0	0	0	0	0	458	0	0	0	0	0
"123ab021ef4f9e63c326847f7db9ad31"	0	4532	1394	0	0	0	0	0	0	0	0	0	0	0	0
"12aa2295797b9d694f27bc3bec12dd4a"	0	0	0	0	0	0	229	0	0	0	0	0	0	0	0
"12bebc98dbd186dac83e1f5abbed2805"	0	0	0	0	0	0	0	0	0	0	6372	0	0	0	0
"12fa0aeb8959aacd87fff25023283430"	0	0	0	0	0	0	0	0	41	0	0	0	0	0	0
"134caa5fb29b306952984caa6e870f2e"	0	0	0	0	0	0	0	0	0	0	0	0	172	0	0
"1366edb83986e241b9197e82d2fd5af9"	0	0	0	0	0	0	0	0	0	18112	0	0	0	0	0
"1446563998420bb2e6f8e2aad06c9e2c"	0	118	0	0	0	0	0	0	0	0	0	0	0	0	0
"14ce00214ecdb7198dea9c68f8a749a5"	0	0	0	0	0	0	0	0	0	0	0	0	0	0	396
"155c691189617799ff9a18b934757666"	0	0	0	0	0	0	0	0	0	134	0	0	0	0	0
"1570baa22235d673ac86254c2bb0fed5"	0	0	1	0	0	0	0	0	0	0	0	0	0	0	0
"158d89d9b9c693a6a3b53239a887af3c"	0	0	0	0	0	0	0	0	0	0	0	0	1211	0	0
"15ee3bf3f46dad0305d8b2b38a8cc240"	0	0	0	0	0	214	0	0	0	0	0	0	0	0	0
"16e62166acb822cc5a165f093a777fec"	0	1362	0	0	0	7508	0	0	0	10254	0	0	61	0	0
"16ec85ab9d45858c16c13494ee12ca23"	0	0	0	0	245	0	0	0	0	0	0	0	545	0	0
"16f6ae90e542578e14b100ee09a47504"	0	0	0	0	0	0	0	0	0	0	0	0	0	9403	0
"17485ec680d1b0cc51297b6cfc2d5228"	0	0	0	0	0	0	0	0	0	0	0	0	84	0	0
"178db860104c8fee16dfb4bf4b9eef17"	0	1736	413	0	0	1569	718	0	0	0	0	0	357	0	0
"17c3fcf2a8251108ad28d7f382c19ce9"	0	0	0	0	0	0	0	0	0	0	0	0	0	2172	0
"17d229fa1dde2e0a663e339af6f834da"	0	0	0	0	0	0	0	0	0	0	0	0	99	0	0
"180052d4066b6a25224d08d37e77e727"	0	0	0	0	0	0	0	0	0	38	0	0	0	0	0
"18b81655194d66184cedc9f33aa27918"	0	0	0	0	0	0	0	0	297	0	0	0	0	0	0
"18e60a998c58a2930eeb0d817b3fe5ef"	0	0	486	0	0	0	0	0	0	0	0	0	0	0	0
"192af4bc5012a4e31229b4f8687faf6e"	0	0	0	0	0	0	0	0	0	0	0	0	2480	0	0
"195d3254ae7ce5411e624ea1ac852b25"	0	0	0	0	0	407	0	0	0	3720	0	0	0	0	0
"19ecf830448859d1f1abf8ac1963b53d"	0	0	0	0	0	0	0	0	0	138	0	0	0	0	0
"1a23b83e2faf9b7f09174f609db319cd"	0	0	0	0	0	0	0	2125	0	0	0	0	0	0	0
"1a5cbfddc654b167494c59ae45604874"	0	0	0	1708	0	0	0	0	0	0	0	0	0	0	0
"1b00ad98d1ded899ea36fd5d9ae5d216"	0	0	0	0	0	164	0	0	0	0	0	0	0	0	0
"1b162c3ef5dadac9aaecc180fa39ec27"	0	0	0	0	0	0	9	0	0	0	0	0	0	0	0
"1b1cc964602a397715b6ed14c0dde881"	0	0	0	0	0	0	0	0	0	0	0	0	32	0	0
"1b3a47f36829bf03680e515c319c438b"	0	0	0	0	0	0	0	0	0	0	0	120	0	0	0
"1b4624f15fb7a880e4436f2f747fad82"	0	0	0	0	0	0	0	0	0	0	0	0	0	2472	0
"1b7b1c8613e5f86194ff160b86df2acb"	0	0	0	0	0	0	0	0	0	0	0	0	0	1090	0
"1be9919dad0079572771a4864e7ce9ca"	0	0	0	0	0	1868	0	0	0	0	0	0	0	0	0
"1bf904b14c54817e540cfe27a02def8a"	0	7136	0	0	0	2797	0	0	0	46099	0	0	0	13253	0
"1c0b0dd039d5ee2b507f96297f36b44a"	0	0	0	0	0	0	0	0	0	283	0	0	0	0	0
"1c4ba8fed28d0878abcd461daa3014d3"	0	0	0	0	2007	1949	0	0	0	0	0	0	2019	632	0
"1c6e71719c9fd3e457e85e4f81e41584"	0	0	0	0	0	0	0	0	0	0	0	0	0	8392	0
"1d851271591dfb786adf48de11131907"	0	0	0	0	0	0	7352	0	0	0	0	0	0	6822	0
"1d9ea9c207e192fd945a10c600e930ad"	0	0	152	0	0	0	0	0	0	0	0	0	608	0	0
"1dd7f7441e73d89091a7c79d69318f1c"	0	0	0	0	0	0	0	0	0	0	0	0	0	82	0
"1dd90b2dea1f1d9ff88bae08712e2209"	0	0	0	0	0	154	0	0	0	0	0	0	0	0	0
"1e08c08f16cbfd024c3c91c9148f188b"	0	0	0	0	0	0	0	0	0	0	0	0	167	0	0
"1e15bc6bd78155417073f5eb5718a61d"	0	0	0	0	0	0	0	0	0	0	0	0	1278	0	0
"1e1fca01084e190df120b38576fa06c3"	0	0	0	0	0	0	0	0	0	17	0	0	0	0	0
"1e4c89a6239b78b6014138facb90e76e"	0	0	0	0	0	0	0	0	0	1692	0	0	0	0	0
"1e55bd3f942e5045c58d75622b0e16f8"	0	0	0	12185	5374	0	0	0	0	0	0	0	1602	6532	0
"1e5f8c0d4911f4859792f1d491040355"	0	0	0	0	0	16	16	0	0	44	0	0	0	0	0
"1e68ec644fefba61793ade43fff0dd7a"	0	0	0	0	201	0	0	0	0	0	0	0	0	0	0
"1e80e8209b405b991c38655aa24aa1ce"	0	0	0	0	0	0	0	0	0	0	74	0	0	0	0
"1ed6309a70b1f4ed45a000db04783491"	0	0	0	0	0	0	0	0	0	0	0	0	1109	0	0
"1ee8349ec416ebda68841ec1b2b095cd"	0	0	0	0	0	0	0	0	0	0	0	0	0	0	699
"1eeacdc57c4eb727f1895401c68e6b50"	0	0	0	0	0	0	0	0	0	0	0	0	60	0	0
"1efde642802af1a77ce5051135127479"	0	0	0	0	0	0	0	0	0	1776	0	0	0	0	0
"1f8a386137cb76741bbee9d024d9c246"	0	0	110	0	0	0	0	0	0	10857	0	0	0	0	0
"1fbcc299bc84a7e3d80baad1deb365d3"	0	206	0	0	0	441	0	0	0	145	0	0	0	0	0
"1fd6be3c124e5027a96a912a26607981"	0	0	0	0	0	222	0	0	0	0	0	0	0	0	0
"2038288a1b6b2d5ec8dfe985862fa768"	10977	0	824	0	0	0	0	0	0	0	0	0	5668	0	0
"2062d1869abae3db1e0595dd5bed2dcb"	0	0	0	0	0	0	0	0	0	0	1450	0	20	0	3546
"20ea63ae26e3b3826a516fbec9c11bdf"	0	0	0	0	0	0	2809	0	0	0	0	0	0	0	0
"20fcc4a3b8896406fc40a68c468d2006"	0	0	193	0	1145	0	0	0	981	0	13228	0	178	0	0
"211430bdc2bde72ee22ccda5c14ba955"	0	0	0	0	0	0	0	0	219	0	0	0	0	0	0
"219714843aa24c64ef3bc0e43a9176a0"	0	0	0	0	0	0	0	0	0	0	79	0	0	0	0
"21abb3dbdf690a69adf716460e9b04fe"	0	0	0	0	0	0	0	0	0	0	0	0	429	0	0
"222d4bc04e9006f6c3677f3227942d27"	0	0	0	0	0	0	0	0	0	0	0	0	0	0	252
"22590c3a5854fa094d51f4ac9e0b460e"	0	0	0	426	0	0	0	0	0	0	0	0	0	0	0
"22591b273719b4693e1aafbd29e31646"	0	37	0	0	0	2352	0	0	0	0	0	0	0	1450	0
"22d2d6c84e75208a8f3e1bcfc25bfa43"	0	0	0	0	0	0	2	0	0	0	0	0	0	0	0
"22ef55a6450f2eb65cfe2448ac295eb2"	0	0	5245	0	0	0	0	0	0	0	0	0	0	0	0
"23a2e3bce9958122db15f688f3cb03fd"	0	0	0	0	0	0	0	0	0	0	0	0	1551	0	0
"249a49bc1636b6e6c1e93fddbcf92d45"	0	0	0	0	0	0	0	0	0	0	0	0	0	1	0
"2550705a6dc3308ba21c0418c16a4a6c"	0	0	0	0	0	0	0	0	0	6202	0	0	0	0	0
"2559c4f77abb832a0deff1e13eddcbd2"	0	0	0	0	0	0	0	0	0	1212	0	0	0	0	0
"25dc06567e2b8551a3f60feda7e2e29e"	0	0	0	0	245	0	0	0	1308	0	0	0	0	0	0
"264bc33916c940d4e79c2f9982b48c0d"	0	0	0	0	0	0	0	0	0	0	0	0	0	0	260
"275b6eac0c3d2af3d2c082eae441ecbe"	0	4761	748	0	0	2774	0	0	0	0	0	0	1492	0	6202
"2781062c6159410918b9c429f3e7a403"	0	0	0	0	0	0	0	0	0	0	0	0	0	904	0
"278858a814e0a3aef12ba26ef157f743"	0	0	0	0	0	186	0	0	0	0	0	0	0	0	0
"27c585a87f183f7e91be284ac6fce643"	0	338	0	0	0	0	0	0	0	0	0	0	0	0	0
"27e06ba5d887cf03b33e625869a078c7"	0	0	0	0	0	0	0	0	0	9581	0	0	0	0	0
"283b04f0ec715026e4ec2b7d8263765a"	0	0	0	0	0	70	0	0	0	0	0	0	0	0	0
"28634927afbd34c3c52fea79725b827c"	0	0	0	0	0	0	0	0	0	0	49703	0	0	0	0
"28a4971e545c7341b6e0b1192a5b7251"	0	0	0	7512	5976	0	0	0	0	0	0	0	0	0	0
"28bf5ea2c65dfb0b7da5657473333424"	0	986	0	0	0	0	0	0	0	588	0	0	0	0	0
"28c5d8504956065f1d9cc2eaf8fc553e"	0	0	0	0	0	0	0	0	0	190	0	0	0	0	0
"2924171bbd5d3519586f71b3bedb1cb4"	0	2972	2677	0	0	4982	0	0	0	0	0	0	0	0	0
"29322a8bf9c17a923d7acf146bcfa415"	0	3162	0	0	0	0	0	0	0	5610	0	0	0	0	0
"293ede131de3c85fe486d6ac22573a7b"	0	0	0	0	0	0	0	0	0	119	0	0	0	0	0
"2a0e7bd1d81f5be42b4c5db3f3d391df"	0	2	0	0	0	0	0	0	0	0	0	0	0	0	0
"2a8f7fbd7cfdc27c8ab0495c4e8a5635"	0	2724	782	0	0	822	978	0	140	6430	0	0	1816	547	868
"2ac224ae5940c360b34e451363103a8d"	0	0	0	0	0	0	0	0	0	0	0	0	0	107	0
"2b7d4b8e2e9f0703aade6907cb911fda"	0	0	210	0	0	0	0	0	0	0	0	0	0	0	0
"2c0a1c4d2224b5f6fe93521458be5ee8"	0	0	0	0	218	0	0	0	0	0	0	0	0	0	0
"2c1068976ed79f1da7385f24f692d1ad"	0	0	0	0	0	0	0	0	0	0	0	0	0	242	0
"2c1f23260afd09f11e911cceed3ddab3"	0	0	0	0	0	114	0	0	0	0	0	0	0	0	0
"2c92a74d7efa28b9c110a11b498c760c"	0	487	0	0	0	0	0	0	0	0	0	0	0	0	0
"2dd000cd486d5f4028c58bf272302653"	0	0	0	0	0	0	0	0	0	0	5248	75343	0	0	0
"2df239c2828e24af1e03f0a670f31304"	0	0	807	0	0	0	0	0	0	0	0	0	0	0	0
"2e0bc7bd51230db2d1a969d8f8fed9ac"	0	745	0	0	0	0	0	0	0	3838	0	0	0	0	0
"2e1e8cf8e2d86013e86d7dbf219941e6"	0	0	0	0	0	0	0	0	0	3051	0	0	0	0	0
"2e50645b337d1ccf78ad4bac86ff7e93"	0	0	0	0	0	260	0	0	0	0	0	0	0	84	0
"2ee495d7738fbf80e3fe9285657127d7"	0	0	0	0	0	0	0	0	0	0	0	0	40	0	0
"2f295ade429ff2a0e090a173defce599"	0	0	0	0	0	0	0	0	0	113	0	0	0	0	0
"2f39e5b0803cb8b522898651d296da68"	0	0	0	0	0	0	0	0	0	0	0	0	4	0	0
"2f90010338a57d382409b6b7653e344d"	0	0	0	0	0	0	0	0	0	30	0	0	0	0	0
"2ff9338213b73d2d0413c23dc78d3ce2"	0	0	0	0	0	0	1345	0	0	0	0	0	0	1210	0
"3060ba6ff1f6dcf840282e0ced7982e2"	0	0	0	55	0	0	0	0	0	0	0	0	0	583	0
"30d3ca131faedf7d1d24cb3159e9732b"	0	0	0	0	0	0	0	0	0	0	0	0	0	3743	0
"3148ba881799a4543cd702f3b9164c53"	0	0	0	109	0	0	0	0	0	0	0	0	0	717	0
"31c9b89907e5f31320f975e1bebba818"	0	0	0	0	39	0	0	0	0	0	0	0	0	0	0
"31d78d725af02e7d66eb385016509dcb"	0	0	0	0	0	0	0	0	0	0	0	275	0	0	0
"3210001e96797aef10bc69ec22da291e"	12432	27672	59635	31719	186933	64137	93511	50043	4651	39323	0	56339	22723	114529	56693
"325b09aa5be804f88d511cf682f88a9b"	0	0	0	0	0	0	0	0	0	275	0	0	0	0	0
"32a11288de45a813674511e67e5758ba"	0	0	0	0	0	0	0	0	0	3351	0	0	0	0	0
"32b4f47e2bd829a68b3b4a76af78b141"	0	0	0	0	0	6096	0	0	0	0	0	0	0	0	0
"336e7eadd18168c2ec912343bd99c27c"	0	0	0	0	0	0	0	0	0	0	0	0	1382	0	0
"338d8d12c88fe3d2a7bb548d2e7090a5"	0	0	0	0	0	0	0	0	0	0	0	0	62	0	0
"33b46f748ece7e786600096d0252e452"	0	0	0	0	0	0	0	0	0	0	0	0	3	0	0
"33daebefd7195aa0a41e3892657e0153"	53	0	0	0	0	0	0	0	0	0	0	0	0	0	0
"33ef8ee78212ec2909bf327b5debcb3a"	0	0	0	0	0	2732	0	0	0	0	0	0	0	0	0
"33f165d7c6d1d3a87f9c6104055a883e"	0	0	0	0	0	0	0	0	0	159	0	0	0	0	0
"34d1ab7ac8baf8a58f17a130663969e7"	0	0	823	0	0	0	0	0	0	0	0	0	0	0	0
"3509b9a8cb1a652065b57985fdaf9565"	0	0	2866	31578	28008	0	0	0	0	0	0	0	2258	0	0
"35b31ce2661606f21404c4c4b883924b"	0	0	0	0	0	0	19973	0	0	0	0	0	0	0	0
"35bb905d78e89fc1804de1eb665d9df5"	0	0	0	0	0	0	0	0	0	0	1698	0	0	0	0
"35dad155ebdbd8fcacaf68e9a95bc7ee"	0	0	705	0	0	0	0	0	0	0	0	0	0	0	0
"36578d6d101c9534aebd56cedb1161cb"	0	0	0	0	0	0	0	0	0	351	0	0	679	0	0
"367321a45abaa084c6115a8c649b15ce"	0	0	0	0	0	0	0	0	107	0	0	0	0	560	0
"36ade287aeb51307743eadf642b342f1"	0	0	0	0	0	0	0	0	0	5630	0	0	0	0	0
"36fa3f70ce564f3ae68a67e19cb88e9a"	0	0	0	0	0	0	0	591	0	0	0	0	0	0	0
"37035964dbf0080e5308d8a52f398f8c"	0	0	0	0	0	455	0	0	0	93	0	0	0	244	0
"37134db4b7472631bb269e92624a1bc7"	0	0	0	0	0	0	0	823	0	0	0	0	0	0	0
"3721d75ee9958b2b2b9f1a9f6c2d1c84"	0	0	0	0	0	0	262	0	0	0	0	0	1298	0	0
"37684fbc5b54831498d7f86aea76c1ce"	0	0	0	0	0	0	10438	0	0	0	0	0	0	0	0
"37e35fc6aa8e6ac500724e952782423f"	0	0	0	0	0	0	0	0	379	0	0	0	0	0	0
"37e3cc56713bc06cb6f6a5b40639bea3"	0	0	0	0	0	0	0	0	159	0	0	0	0	0	0
"3818fe1efd7bb01db4ec67cfe50c8119"	0	0	0	0	0	0	0	0	0	0	0	0	0	133	0
"3824749b3ab4e204a38fa5b8b20f4cbd"	0	0	0	0	0	0	0	0	0	12742	0	0	0	0	0
"3847a28e9402733790b0d4876a6a127b"	0	1210	0	0	0	0	0	0	0	0	0	0	97	246	0
"387fb81ff453875f42a7fa3efb01594b"	0	0	266	0	0	0	0	0	0	0	0	0	0	0	0
"388c13153e4314cd68eb7e24244f2278"	0	0	0	0	0	0	0	0	0	0	0	0	338	0	0
"39b37d0f8e1e8267cb57f96e9f399ee2"	0	2092	0	0	0	0	0	0	0	0	0	0	0	0	0
"3a281c7784ace8e070773437e3939dfb"	0	293	0	0	0	459	0	0	0	0	0	0	0	0	0
"3a2904629fb10096a285a12ea0ad6a0b"	0	0	0	0	0	0	569	0	0	0	0	0	0	0	0
"3af348fe01bd2a6034fde1e46c075347"	0	0	0	0	0	0	0	0	0	49	0	0	46	0	0
"3b792e576f368150b0bd76d962fd9553"	0	0	0	41	0	0	475726	0	0	0	0	0	0	0	0
"3b908c536b2ead5a068fcc0acabcfdc2"	0	103	0	0	0	0	0	0	0	0	0	0	0	0	0
"3b99a484dd0036ad6d93cf24c3a1c6c3"	201	70	151	0	151	52	51	0	35	166	346	204	36	118	164
"3ba41eb8e4410f18ea5bf47169746c83"	0	0	0	125	2748	0	3718	0	0	0	0	4101	0	3235	0
"3bb17a037caf5b3088586bf5909b9570"	141	0	0	0	0	0	0	0	0	0	0	0	0	0	0
"3bb500b78cb35ef16a4ffba76cd7958e"	0	0	118	209	100	0	0	23017	0	0	0	0	114	0	0
"3bee36a73beb54bd995ea0b9f31f7702"	0	0	0	0	0	4933	0	0	0	0	0	0	0	0	0
"3bfb7606fd9358c2e225ebde85051721"	0	0	0	0	0	0	0	0	0	0	0	0	0	488	0
"3c0e662ddd016ad4294d8421a8accc9c"	0	0	0	0	0	0	541	0	0	0	0	0	0	0	0
"3c2d7cb32c612e55a69cd17c43c32c35"	0	0	135	0	0	0	0	0	0	0	0	0	0	0	0
"3c9e40b51ddf6238762bd3cead8c2d3c"	0	0	0	0	9962	0	0	0	0	0	0	0	0	0	0
"3cb8de22923afa9209bc1e9fa33f4767"	0	0	0	0	0	0	80	0	0	0	0	0	0	0	0
"3cceb8303ecfbb450c428a30127255a4"	0	0	0	0	0	0	98	0	0	0	0	0	0	0	0
"3ce03f7a93680b5b76aabd5c3b9edf96"	0	0	0	415	0	0	0	0	0	0	0	0	0	0	0
"3ce3bfb17b9a8e0ec433425ba690c4a7"	0	0	2251	0	0	0	0	0	0	0	0	0	0	0	0
"3d5575d489930b6ae5c3a0e89a8966b3"	0	4582	315	0	0	508	3858	0	0	0	0	0	0	384	0
"3d6203ed56b1740f080b277b7d7482d3"	0	0	0	0	0	973	0	0	0	0	0	0	0	0	0
"3d68c23f146d7c4506c09514726f8022"	0	0	0	0	0	0	571	0	0	0	0	0	0	0	0
"3d98735a92a727cff6fae8975051b9d9"	0	0	0	0	63	0	0	0	0	0	0	0	0	0	0
"3d9f68a1576d3ceba8b4e6ba7844c3ae"	0	0	0	0	0	0	0	0	0	0	0	1595	0	0	0
"3da1064a99b4812eb34e375a6871771a"	0	0	0	0	0	0	0	0	0	5	0	0	0	0	0
"3da416facf12f97ef8aaccc63adb561a"	0	0	0	0	0	0	0	0	0	27	0	0	0	0	0
"3dd59c3d698d9f14321ef03b680744ee"	442	0	0	0	0	0	0	0	0	0	0	0	0	0	0
"3de23839612aaedf2129e4e4a799d12b"	0	0	0	0	0	0	0	0	0	1348	0	0	0	0	0
"3e1aa6b0e6347d74cae2a38da5cbab1e"	0	0	5831	0	0	0	0	0	0	14553	0	0	0	0	0
"3e3338165c6e5383897de1300f22ce4b"	0	0	0	17089	0	0	0	0	0	0	0	0	0	0	0
"3e68367a7b58c4b9ca0a4dadcf6a4792"	0	0	0	0	0	0	0	0	0	0	4660	0	0	0	0
"3e94f946cf111a36c76fdeee15be581b"	0	0	0	0	0	0	0	0	0	0	0	0	208	0	0
"3ec807333813e14861221c5553393df2"	0	0	0	0	0	0	0	0	0	0	0	0	48	0	0
"3ece816f10e3861a422e84b31024a9ae"	867	0	2110	570	78488	137	26679	0	0	6306	6870	64359	8716	5845	0
"3f31c9adfb5f84a28298e202e812d169"	0	1886	0	0	0	0	0	0	0	1829	0	0	0	0	0
"3f487430c44ae9166471075a25d57d9b"	0	0	0	0	0	841	0	0	0	0	0	0	0	0	0
"3fd13e04c5f01b43089579bf0c08bac7"	0	0	0	0	0	0	0	0	0	0	0	0	0	5160	0
"4036637718f491597ecd5baf1e0e7140"	0	0	0	0	0	0	0	0	0	0	0	0	0	85	0
"40419134a228416774732359d39d3fb6"	0	0	0	0	0	6487	0	0	0	0	0	0	0	0	0
"404801c695ae9e6ceb4700b1441f48a1"	0	0	236	0	0	0	0	0	156	0	0	0	0	0	0
"4069f0e6ce29c95c08d2572b1417585a"	0	0	0	0	0	0	0	0	0	0	0	0	0	2743	0
"4080f97cceb4c68e31fcb191afd9acb7"	0	1680	277	150	175	42	118	0	2387	2909	10203	0	0	0	0
"40c00695d4bf24beaa2e34b13e5ce2de"	0	0	0	0	0	0	0	0	0	0	0	3246	0	0	0
"40c371ee346d7b5f042cb15e01b8cb03"	0	0	0	0	814	0	0	0	0	0	0	0	0	0	0
"411448c9dbb8d3214efb0647244924b4"	2156	0	5763	0	720	689	779	1431	2159	29059	2079	9992	232	774	8199
"4125fc9306f74c4bd915e6cce5a854fb"	0	0	0	0	0	0	380	0	0	0	0	0	0	0	0
"412f10acf917ea4523d5c5fdd6f92311"	0	0	0	0	0	0	0	0	0	0	15	0	0	0	0
"419ac40b19a58891e6be6d621c3d18e6"	0	0	0	0	0	0	0	0	0	0	0	0	0	5	0
"419db218466a05f435e8499fa9a9e580"	0	0	193	0	0	0	0	0	0	0	0	0	0	0	0
"4205dd469c84a2c1aec911337fd7958f"	0	0	92	0	0	0	0	0	0	0	0	0	0	0	0
"4244aeae7a826c885e03aeb0bf6da1f9"	0	0	0	0	0	0	789	0	0	0	0	0	0	723	0
"42a13e26eced52701dd4b60ad780c1d4"	0	255	3607	0	0	615	0	0	0	0	0	0	0	0	0
"42b1d063e6528aca91ba5bc6a2f93c4e"	0	0	0	0	0	0	0	0	16695	0	0	72372	0	0	0
"435159438976e53ef5d0381c05ff8a20"	0	0	0	0	0	381	0	0	0	0	0	0	0	0	0
"44280048185a86ac8d987ba8abd71d63"	0	0	223	0	0	0	0	0	0	20102	0	0	0	0	0
"44c21dd3d73e5320b173fbbb57084bf2"	0	0	0	0	0	0	0	0	0	0	0	0	210	0	0
"44d9c96f157e0303846735690f1c7f19"	0	0	0	0	0	0	0	0	0	6	0	0	0	0	0
"44e9431c4da8a5ceba70fa2f29e2b118"	0	0	0	0	0	0	0	0	0	0	0	97	0	0	0
"450f801125f8382102e0736ab33ae245"	0	0	0	0	0	0	0	0	0	0	4027	0	0	0	0
"452d2679f194dfc0d96456d9024d1b26"	0	0	104	0	0	0	0	0	0	0	0	0	0	0	0
"4587c85e5557d6768092f88e4e89fde2"	0	0	0	4621	0	0	0	0	0	0	0	0	0	0	0
"4599bbc896c56b7ccd8d5308f22ee65c"	0	0	0	0	0	7928	0	0	0	3486	0	0	0	0	0
"459ed6eb6e79bf611147d32099c7da87"	0	0	0	0	0	469	0	0	0	3633	0	0	0	0	0
"46f791fb1fae771a3525fe8a46fd6d86"	0	0	0	0	0	0	0	0	0	357	0	0	0	0	0
"4712b6dd78dd38fc57407253a51f497f"	0	0	0	0	0	0	0	0	0	0	0	0	0	233	0
"474606dc489384741b210e2703c63c56"	0	0	0	0	0	0	0	0	0	0	0	0	11	0	0
"478cadf9c50e625be4159244598af6c5"	0	0	0	0	0	0	0	0	0	0	0	0	0	767	0
"4875c265747127fd43a57470d83af096"	82	0	0	0	0	0	0	0	0	0	0	42	0	0	0
"49b3a54b275cff79ed213a85a3717eef"	0	72	0	0	0	0	0	0	0	0	0	0	0	0	0
"4a4594cc1315e4eb6a6c174f0c808c8e"	58	0	0	0	0	0	0	0	0	0	0	79	0	0	0
"4a903b56008e0297348bcba5cbbb4169"	0	0	3306	0	0	0	12581	0	0	0	0	0	2357	0	0
"4ab31d3397c8246be4c17e407e2db59c"	0	0	0	0	0	0	0	0	991	224	259	0	0	0	563
"4acb7dc342cb1368ffd3a2a56a71fe9f"	0	0	0	0	0	0	4884	0	0	0	0	0	0	0	0
"4ace288e3d5b701ad1bf98e3cf91f8ef"	0	0	0	0	0	0	0	0	0	0	0	0	85	0	0
"4af3c5025f72d104f1507fe3ce00ee80"	0	0	0	0	0	1493	0	0	0	0	0	0	0	0	0
"4b0f06c3d2ea35675e423f80a0f1744b"	0	0	0	0	0	0	0	0	36	0	0	504	0	0	2051
"4b888e11f2d55f86c64db382814156b5"	0	0	0	0	0	0	0	0	0	0	0	36341	0	0	0
"4bb1ffd2475436aa55ceb94a6442d7e6"	0	0	285	0	505	0	0	453	2530	838	0	0	0	0	0
"4bdb0dd3af655fd29e42b5ee8e7fa2e0"	0	0	0	0	0	0	0	0	0	0	486	1151	0	0	0
"4c1e44decead91498b8c9ce96aac79f3"	0	0	714	0	0	0	0	0	0	0	0	0	0	0	0
"4c246801b6f6041fe9887f878ee4a1c1"	0	0	0	0	225	306	0	0	0	0	0	0	0	0	0
"4c408a4a9cbd805457d9b5b03e16d8f2"	0	0	0	0	0	697	0	0	0	0	0	0	0	0	0
"4c56726520f34f3ffaac42e53a70b0cc"	0	0	0	0	0	641	0	0	0	0	0	0	0	0	0
"4ccfcbcd652e612284081ae4542c1c81"	0	0	0	0	0	0	19	0	0	0	0	0	0	0	0
"4cdf1039cef978404981fb28af74d00f"	0	0	0	0	0	0	0	1879	0	0	0	0	0	0	0
"4d04c727457ea1c3a08941eeedbb6eae"	0	0	0	0	0	0	0	0	0	0	0	0	0	3	0
"4d35f55dca95174749798335e15ba53b"	0	0	0	0	0	391	0	0	0	0	0	0	0	0	0
"4d846d50e152e3657940d2a98f55d4f8"	0	0	0	0	0	0	3399	0	0	18066	0	0	0	0	0
"4dc287fb1becbaae2a528b7de5732a93"	0	0	0	0	220	0	0	0	0	0	0	0	0	0	0
"4dcacee0fec7b12664aa1a45b141307f"	0	0	0	0	0	0	0	0	5326	0	0	0	0	0	0
"4e53e7d2a19c066567b4cd120be6b30f"	0	0	0	0	0	0	7559	0	0	0	0	0	0	10197	0
"4f3bd4f8cc8d038acee5d2fa570f726a"	0	53	0	0	0	0	0	0	0	0	0	0	0	0	0
"4f4d310bbcd174a2c4ae2060d606f225"	0	0	1422	0	0	0	0	0	0	0	0	0	0	0	0
"4f65eee8cfe4f4c8c852c80f73d7c2f4"	0	0	0	0	0	0	0	0	127	0	0	0	0	0	0
"4f89cf7b99dca59bf23b1e25260e5bd3"	0	0	0	2274	0	0	0	0	0	0	0	0	0	0	0
"4ff5a97f8b51a659cdc79b29d282a6e6"	324	0	0	0	0	0	0	0	0	0	0	0	0	0	0
"503a3d82f36fe64b8370e55871352e7f"	0	0	0	0	0	37	0	0	0	0	0	0	0	0	0
"503d0877036c8b3a72ac6aeb67822353"	0	0	10848	0	0	0	0	0	0	0	0	0	0	0	0
"5047723aea9aaf44dc8f86deadaf5db5"	0	0	0	0	0	2393	0	0	0	0	0	0	0	0	0
"50e8e7d670ad013ab01f505b9bb589f7"	0	0	0	0	0	0	0	0	0	0	0	0	2610	0	0
"510522a12f0b938407d738a5c21b7a22"	0	0	0	0	0	0	0	0	304	0	0	0	0	0	0
"516084ff2c2c4738115cffa7ad718b62"	0	0	0	0	0	0	0	0	0	0	0	817	0	0	0
"51cf5f23d997ab9a5d4e37a83bd65ddd"	0	0	347	0	0	0	0	0	0	0	0	0	0	0	0
"520b2f35d6b68a82e620b635419d70ca"	0	0	0	0	0	0	0	0	0	0	207	0	0	0	0
"521247e2bb04eba6b54299451f933c58"	0	0	0	0	0	504	0	0	0	0	0	0	0	0	0
"524853060295fc969054a188e5871a15"	0	0	0	0	0	0	0	0	0	0	0	0	54	0	0
"52674d780ff406cd02b2d729f1ed80ae"	0	0	181	0	0	0	0	0	0	0	0	0	0	0	0
"5269f6f4faee2ae2a6ec3b1c3c802473"	0	0	0	0	0	0	0	0	0	0	0	9633	0	0	0
"52e42a5c5e2a6c8af945f22a21246717"	0	0	3544	0	22995	0	0	13321	0	0	0	0	3858	7	0
"53f709f7f33a196d8410ab7f97cf017f"	0	0	0	0	0	0	0	0	0	0	0	0	0	9737	0
"53fc45d79e0ca497322bcb8f8e5c20f8"	0	590	0	0	0	0	267	0	0	0	0	0	0	0	0
"5413cd88126f3ba4a541723c3dd7230a"	0	0	0	0	0	0	89	0	0	0	0	0	0	0	0
"54289c744cf390d9cafc82c63b141268"	0	0	0	0	0	0	0	0	0	856	0	0	0	0	0
"54299b24a256a733d3cdce4100db971f"	0	0	0	0	6264	0	4840	0	0	16534	0	0	0	0	0
"54691adccff1d78e2f4f61a3e96c3c2d"	0	0	0	235	0	0	0	0	0	0	0	0	0	0	0
"548d49a010b5d188a0fa96e2e931955b"	0	0	0	0	0	0	0	0	0	0	0	0	89	0	0
"54a21dfbc76d783cd25c9b0581fdd496"	0	0	0	0	0	0	485	0	0	0	0	0	0	0	0
"54add160e56484362cbb3b9ccc334c6c"	0	0	0	863	0	0	0	0	0	0	0	0	0	2783	0
"553687d293a199f001158e8f79213293"	0	0	0	0	0	0	0	0	0	143	0	0	13	0	0
"557a28710beda037a3cdc8d01ce10ee0"	0	0	0	0	0	0	0	0	0	0	0	0	392	0	0
"55b7c5e82e55c4f9e667781f3ae46dfa"	0	0	0	0	0	0	0	0	0	2410	0	0	0	0	0
"5641994a8f6807a32dcf243a0cafba8f"	0	0	0	0	0	0	0	0	0	0	0	0	383	0	0
"5658474780c1c7cc69de81269e2aac9b"	0	0	30480	12493	20095	0	12569	21966	0	0	0	0	8070	16993	0
"56af9bb03ecfa54fbeb49ed6b182b255"	0	0	0	0	0	757	0	0	0	0	0	0	0	0	0
"575e45432302669c5c426459cd691352"	3419	0	0	0	0	0	0	0	0	0	0	0	0	0	0
"5774b6e185521a1e7f80ce95be15c6cd"	780	0	0	4157	806	0	1385	0	0	635	0	0	0	11964	0
"579bf2f99df97470a70d037c28bf04d3"	0	0	0	0	0	0	0	0	0	0	0	0	0	0	794
"57e4c5da549cd0761c25f5df7cfb023d"	0	2235	0	1535	0	11262	369	878	0	14569	0	0	0	4	0
"5806699d43ee318170df133019d0070b"	0	0	0	0	0	0	0	0	0	101	0	0	0	0	0
"5808230b0d2443385d16080fa44ca6db"	0	0	0	0	0	0	0	0	0	29084	0	0	0	0	0
"5823bb0fa3fa7a138f9f263782bb26ef"	0	0	0	0	0	107	0	0	0	0	0	0	0	0	0
"58b1b453869159db001210c1813e43ec"	0	0	0	0	5246	0	0	0	0	0	0	0	4254	0	0
"58b4e41590813d38602d5d6f4cd4877a"	0	0	0	0	0	162	0	0	0	0	0	0	0	0	0
"58bea4249a0c6ba199a67b36ae42fef6"	0	4	0	0	0	0	0	0	0	0	0	0	0	0	0
"58d012fdea21bc264c2cb33a5288eeb3"	695	0	0	0	0	0	0	0	0	0	0	0	0	0	0
"58d852f07e7ff4f16bb61beafe8aabbb"	0	0	0	0	0	0	4672	0	0	0	0	0	0	0	0
"591fa991c0fe21536173e120231f6ee4"	0	0	0	0	0	0	0	0	0	0	0	0	384	0	0
"592314f91e458c7fb5cbe21302759c1d"	0	0	0	0	0	0	0	0	0	271	0	0	0	0	0
"596b0cc0c2cf1d7b8061d2c634131f08"	0	594	0	0	0	1618	0	51	71	1012	0	0	421	0	0
"598e2368c537e5c16e6f6ef9f3227442"	0	0	0	0	0	247	0	0	0	0	0	0	0	0	0
"59e386068a44cc4c027dba3c5484a4c5"	0	0	0	0	0	0	0	0	0	0	0	0	0	32523	0
"5a0bb40e7dfbf8eb9602324a7fee13a4"	0	0	0	0	0	0	0	0	0	0	2845	0	0	0	0
"5a5f6cebfc9d8c845b568a8bdde9d35a"	0	0	0	0	0	0	2374	0	0	2011	0	0	0	0	0
"5b2d51b92fe660d783272269dd18586d"	0	0	585	0	0	0	0	0	0	0	0	0	0	0	0
"5b5a457ffb02ca59610fc235ea62350a"	0	0	0	0	0	0	0	0	0	0	0	0	0	327	0
"5b797e07f4a08d35d2a4a071393f54f6"	0	0	0	0	109	0	0	0	0	274	0	0	0	0	0
"5b7da6815fd1ae8abe71d5a74a833826"	0	0	0	0	0	0	203	0	0	0	0	0	0	0	0
"5bdce0692dac53182d2198bc0b976e53"	0	0	0	0	0	0	0	0	0	0	0	0	0	16350	0
"5be830a77193e8e0d7b656c821fb6cee"	0	0	0	0	0	0	0	0	0	0	2911	0	0	0	0
"5bf5c7947da1a9cbf76c6d0c22f318ee"	0	0	0	0	1	511	2371	0	0	0	0	3818	610	0	0
"5c1f753bc8d19681f1dc9a55ccf4f79d"	0	0	429	0	0	0	0	0	0	0	0	0	0	0	0
"5c631cb8610596660b3fde32cb685528"	0	0	0	0	0	0	206	0	0	0	0	0	0	0	0
"5cbc4ced7518ec9d6b72fb062e4e3f7b"	0	202	0	0	0	0	0	0	0	0	0	0	0	0	0
"5ce2d3964915cc8e6c51ddf6f310d4ad"	0	0	0	0	0	0	0	0	0	0	0	0	47	0	0
"5d08355f51e957ae727c6ddc455fabb0"	0	0	0	1905	0	0	0	0	0	0	0	0	0	0	0
"5d2c3f56aa7111409e1743d91e8e91d7"	0	12	0	0	0	0	0	0	0	3444	0	0	0	0	0
"5d9a9af00321f8eb11f62a8bcdfd6b13"	0	0	0	0	0	0	0	0	0	0	0	0	203	0	0
"5dfdf6a8ae7e0c826f4e626c1c4010ec"	0	0	0	0	0	3530	0	0	0	0	0	0	0	0	0
"5e0c5eb69bc9ea5bfef585c12e0b9abb"	0	0	0	0	0	8208	0	0	0	0	0	0	0	0	0
"5e8474c904bae115050cead295f0233e"	0	0	0	0	0	0	0	0	0	0	0	0	4	0	0
"5eb98fdacfed5f324d25967961d5d806"	0	0	0	0	0	0	0	0	14	0	0	0	0	0	0
"6079864465a636949977c766e5ca98b2"	0	0	0	0	0	0	0	0	0	2111	0	0	64	0	0
"60e8472f55084373edacfad2e1d9456c"	0	0	0	0	0	0	0	0	0	0	0	12	0	0	0
"613097d95a1ae35a5ecbbfe25d492537"	0	0	1799	0	0	0	0	0	0	0	0	0	0	0	0
"614c641f8bf5b7d7c3dbfdde39fc5ee8"	0	0	0	0	0	0	0	0	0	0	265	0	0	0	0
"6166a59cd58ce545ccac0927a51f8207"	0	3621	0	0	0	0	0	0	0	0	0	0	0	0	0
"61bf8032b84f9b37db233b74da739150"	0	0	0	0	0	0	0	0	107	0	0	0	364	0	0
"6253d080129b66c032dc53d1bec918cb"	0	794	680	0	0	404	0	0	0	76	593	0	382	0	0
"626893df88d3d704b97402df53bd1b08"	0	0	0	0	0	0	2334	0	0	0	0	0	0	0	0
"63364b3961781c5f91b3d306a2eb61c0"	0	0	0	0	0	0	0	0	0	0	0	0	0	387	0
"639b0c8ad1a22445e916bdf6f63444fd"	0	424	0	0	0	590	0	0	0	1346	0	0	0	0	0
"63f5305f1777d2b065ef15ccb07a4ebb"	0	0	0	0	0	0	0	0	0	0	34	0	0	2071	0
"63f9ec303710cf20160541e8f5a5db48"	0	76	0	0	0	0	0	0	0	0	0	0	0	0	0
"64165cb471b580d2c410e15fd852434d"	0	99	0	0	0	0	0	0	0	0	0	0	0	0	0
"641bbcb2604a61ce06f32974d4a9b286"	0	780	0	0	0	0	0	0	0	0	0	0	0	0	0
"642dc10ad890e0a9b420dc3026bc9afd"	0	0	149	0	0	0	0	0	0	0	348	0	0	0	0
"646a3532352451256834b25958aae0ce"	0	0	0	0	0	0	0	0	0	0	0	186	0	0	0
"647c6561aab323976c67b96d3d4ade62"	0	0	0	0	0	0	0	0	0	0	0	6237	0	0	0
"647cd974a742a816247a423181295804"	0	0	0	0	0	0	0	0	173	0	0	0	0	0	0
"648afa9d24fdd1d65f60b615946ac69c"	0	0	0	0	0	0	0	0	0	0	0	0	32	0	0
"64b99ecd0faa34866237b853e5c44e70"	0	0	0	0	6926	0	0	0	0	0	0	0	0	0	0
"64e1b0581736f887e2617420dac3a599"	0	0	0	0	0	0	0	0	0	19299	0	0	0	0	0
"64f08eac25877f0dea70a609e670509d"	0	0	374	0	0	0	0	0	0	0	0	0	0	0	0
"651937ab336bba527c19f56ba3923487"	0	0	0	0	0	603	0	0	0	0	0	0	0	0	0
"659ca0f071de45e4ba48f085688b8b4c"	0	0	0	0	0	0	0	0	0	3	0	0	0	0	0
"65f5bb747d4d0e1e32aa07967804afd0"	0	0	0	0	0	0	0	0	2808	0	2529	0	0	0	0
"6617a0f3f5a6ba42cd98dd38ab37e1e9"	0	0	0	7860	0	0	0	0	0	0	0	0	0	0	0
"661d55bc52050d67cf36f3bd4c2296c2"	0	83	0	0	0	33	0	0	0	0	0	0	0	0	0
"6648e2f85b63110bed46fe58762d7201"	0	140	0	0	0	0	0	0	0	0	0	0	0	0	0
"66598fd2d1c250ccc710261c51fa63e9"	0	0	0	263	0	0	0	0	0	0	0	0	0	0	0
"667e52d59a9e1ab0fb60471bbea26c73"	0	0	0	0	0	0	0	18676	0	0	0	0	0	0	0
"66c3cc2f813b1c294fead947a598cb19"	0	0	59	210	0	0	0	0	0	358	0	0	507	113	0
"66ee77d61d9a332530e634e1061fb7e7"	0	0	0	0	0	362	0	0	0	0	0	0	0	0	0
"675016c3de90883b6f6dbc8aa13355d4"	0	0	0	0	0	0	0	0	0	130	0	0	0	0	0
"675ebd7307025d65079b1e61b62595c7"	0	0	347	0	0	0	0	0	0	0	0	0	0	0	0
"6760c684e18b66a877eaa2515fc40084"	0	0	24	0	0	0	0	0	0	0	0	0	0	0	0
"6779287a212fc8bfb2feca8c1807e666"	0	0	0	0	0	3	0	0	0	0	0	0	0	0	0
"67935e38f31e6dbebd7ea7b2c33e003a"	0	0	0	78	0	0	0	0	0	0	0	0	0	675	0
"681f1e9b1b5cef84c1327a22c15f9207"	0	0	0	0	0	0	0	0	0	2508	0	0	0	0	0
"68252311a8ebd628d43c586af2a844eb"	0	0	0	0	0	0	0	0	0	15856	0	0	0	0	0
"6840ec9b3fd3e2afb9c132ae3ededa30"	0	0	0	0	19475	0	0	0	0	0	0	0	0	0	0
"684b2fc9a715e15fd07ef5f9f7c286ec"	60	0	0	0	0	0	0	0	0	0	0	0	0	0	0
"685c0f45943e70269784e0a5e79f1807"	0	0	0	0	0	0	0	0	0	0	0	0	0	136	0
"68a41badb696e8522a9710398d3f36e9"	0	0	0	0	0	3528	0	0	0	0	0	0	0	0	0
"68d6a5f39309e160714cfabb913c7441"	0	0	0	0	0	0	0	0	0	1230	0	0	0	0	0
"68e505ef0d77143f1b59d843d34f1953"	0	6548	934	0	0	0	0	1038	356	9832	0	0	263	0	7828
"690d8f6dcb2969e930dae743da8c0e6d"	0	0	0	0	0	0	1812	0	0	0	0	0	0	0	0
"691e3bb09aa50e0fa6e133e6c33954d5"	0	0	0	0	0	0	0	0	0	0	0	0	1866	0	0
"6969b544a09fa66be99d2d1e5a9d6cb3"	0	0	0	0	0	0	0	0	0	0	0	0	0	190	0
"6975a04ec7e59333b1ef09c8a1eab715"	0	0	19	0	0	0	0	0	0	0	0	0	0	0	0
"698328b69ae152faf5d81530350c7065"	0	0	0	0	0	0	0	0	0	0	258	0	0	0	0
"6983c5296b195074abd344ca5a5a6042"	0	0	0	0	0	0	0	0	0	365	0	0	0	0	0
"69ece22d01be480b07dde4099072deec"	334	0	0	0	0	0	0	0	0	0	0	124	0	0	0
"6a0b646c22313717f33bb712f5ba1d31"	0	0	0	0	0	0	0	0	0	0	0	0	0	0	796
"6a6f63d4fba735fc6b9eb79ba79d0db5"	0	42	59	0	0	322	221	0	0	963	0	0	94	82	0
"6a8d333c27012a8f4453352e2697ebf0"	0	10656	0	0	0	11900	0	0	0	11074	0	0	0	0	0
"6a8f6e22e2b09d676bced6e8eebc7409"	0	0	0	0	0	0	0	0	0	0	0	0	0	0	3186
"6ab105230a72efb1c10430c7b86cfc37"	9089	2851	3182	5688	7182	12125	10961	20365	40996	7986	14692	20351	5227	2691	2754
"6ab2e1cf9d1c801eff0a62807c3914a1"	0	0	0	0	0	0	0	0	6271	0	36	0	0	0	0
"6b700b4003a55569fe46bd781fa5bacf"	341	603	59	0	0	5961	819	0	3552	3321	1796	2309	0	550	19942
"6bbc03e048c5b3132b68ea93f0e4e0d9"	0	0	0	0	0	0	1043	0	0	0	0	0	0	0	0
"6bc86a584a0b2e1814b8f760df3b5907"	0	0	0	0	0	0	0	0	0	0	60	0	0	0	0
"6ca2c7e329c111e18a99fb7a5216d43b"	0	0	0	0	0	0	0	0	0	0	0	0	28	0	0
"6d23d596dcf964bf4b057a17593b6a4a"	0	0	0	0	0	0	0	0	0	0	0	0	0	8	0
"6d71bdb3d9db3a7271ba9b6a579ecdb7"	0	0	371	0	0	0	0	0	0	0	0	0	0	0	0
"6db691d485f8dc313ce95b1e5cef67b9"	0	0	0	0	0	0	0	0	0	0	0	0	0	128	0
"6dc044188e1194e12fe5647232c8fa5f"	0	338	52	0	0	175	0	0	0	0	0	0	0	215	0
"6e0e8b71e30991b715e6614c26e24bb7"	0	0	0	0	0	0	0	0	1004	0	0	0	0	0	0
"6e8dcd84c3c471e8db4729a2b9726367"	0	0	0	0	0	0	10	0	0	0	0	0	0	1907	0
"6ed1261e45fc6493d8c228b7f6c6d3f7"	0	0	0	0	0	0	0	0	0	42713	0	0	0	0	0
"6f05d2fbb811212c1ca60c3567387956"	0	35763	4839	0	4786	68651	0	0	0	25315	0	0	2206	0	0
"6f78cdce3343ae905a805bea19380909"	0	0	0	0	0	0	0	0	0	0	0	0	4578	0	0
"6fa55be67966eb5f596b40048f40b480"	0	0	0	0	0	0	0	0	0	0	0	0	0	39	0
"6fab474d48aa1726daf88f73d44e9f0e"	0	101	0	0	0	384	0	0	544	0	0	0	0	0	0
"6fb29e96115a4ea9e0ed38b8a0c6ebd3"	0	0	0	0	0	0	0	50	0	0	0	0	0	0	54
"6fd08e8435fd4849b1c6c9cb3a6a1b19"	0	0	0	0	0	0	0	0	0	0	768	0	0	0	0
"6fe98b97d15ee2441d1832f57374f1be"	0	0	0	0	0	0	0	0	0	0	23	0	0	0	0
"703eafa807c731b06c27299414520269"	0	0	0	0	0	0	0	0	0	0	0	0	2422	0	0
"707f8fd7f6231ea96ca7beba015d41da"	0	0	0	0	14	0	0	0	0	0	0	0	0	0	0
"709935f4e73b4b11fcb4cba92e635427"	0	0	54	0	0	0	0	0	0	0	0	0	0	0	0
"70e91ec551b5e1c1ec11a556b9487f40"	0	0	0	0	0	0	0	0	0	0	0	0	0	3957	0
"715fee468a6a08ff5c04980cc156cf95"	0	0	3944	0	0	0	0	0	0	0	0	0	0	0	0
"71de1e9e6923bad1428d1af10a8b6973"	5131	9039	1060	0	0	27975	1350	0	0	10620	676	0	0	1074	0
"71f02b239b890bdd0481d1c231799f29"	0	0	0	0	0	0	0	0	0	0	0	0	0	0	31
"71fad5d934fbf3fc521fae80e24411d7"	0	0	0	0	0	0	0	0	0	0	0	0	109	322	0
"721d6800f563356faadf27d99c5a5ccc"	0	0	0	0	0	363	0	0	0	0	0	0	0	0	0
"72375c35845311db00f8355c6ed55bca"	0	263	0	0	0	0	0	0	0	0	0	0	0	0	0
"72960ff8362ea78a80643970d36368cf"	0	0	0	0	0	0	11234	0	0	0	0	0	0	0	0
"7309ef7e838f29b1de56955481eabe1f"	0	5386	0	0	0	0	0	0	0	0	0	0	0	0	0
"730efecfd0068388be65feb80eecab32"	0	0	0	0	0	0	584	0	0	0	0	0	0	0	0
"731de53cbb6a8d572fe1d8d1d0ec94d8"	0	0	0	0	2704	0	0	0	0	0	0	0	11	0	0
"733d3f4c00dfe1b16523b6859bae21ce"	101	0	0	0	0	0	0	0	0	0	0	0	0	316	0
"733de6c459fd68c5681533b86920da9e"	0	0	275	0	0	0	0	0	0	0	0	0	0	0	0
"7341376c330a26584f01413f9256eb87"	82703	0	0	7234	0	0	0	0	43770	0	2249	63704	0	0	0
"735ee25f584e4137a18958d74e027613"	0	483	0	0	0	0	0	0	0	54	0	0	0	0	0
"735f203df8526b0dc9ff06bc77d9c64c"	0	0	0	0	0	0	0	0	1139	0	0	0	0	0	0
"737bdb1d520013c538abc9e9d1afc7af"	0	0	0	0	0	0	1859	0	0	0	0	0	0	0	0
"739edc495edf4892dd7febf5d22c86f8"	0	0	0	0	0	0	0	0	0	1155	0	0	0	0	0
"73aa41bac906f71065628e3f3883d93f"	0	0	0	0	0	0	0	0	0	0	0	0	591	0	0
"74ec33eaa69049f21beadf40ea2b0d5c"	0	0	0	2149	0	0	0	0	0	0	0	0	0	0	0
"75034ac723c74963b1a8cbbaa430ff24"	0	0	0	0	0	530	0	0	0	0	0	0	0	0	0
"75464cadb12c19df415b43a2ccfbac60"	0	131553	442	0	0	400	0	13538	0	9954	0	0	126	82	0
"75652fc16a39bac9821add411a5b8644"	0	111	0	0	0	0	0	0	0	0	0	0	0	0	0
"75e1a1011c52f7d82a36050bf6b81781"	0	0	0	0	0	0	0	0	0	990	0	0	0	0	0
"75e8957c03371a1d788ad65c2a081ceb"	0	0	0	0	0	0	0	0	0	0	0	0	0	2	0
"75f9c2eae8b996cc0703c4049d5b7ffa"	0	3426	1848	0	2372	1897	0	0	0	38	5599	0	850	0	0
"76452441f73a046ece445ce5ce50272e"	0	126	0	0	0	0	4313	0	0	0	0	0	0	0	0
"767ec3046a5a368609e3bae9b8cbbf6b"	0	0	0	0	221	0	0	0	0	0	0	0	0	0	0
"76b34707576713033ef133327f24a0c3"	0	0	0	0	0	0	0	0	0	699	0	0	0	0	0
"76fe962987359365262ee68eff8e4797"	0	0	0	0	0	0	0	0	0	0	0	0	0	64	0
"771535f662627684ab55c167aab45256"	0	0	0	0	0	0	0	0	0	0	2	0	0	0	0
"773fd10b7ac531b9f80e06bae41a849b"	0	0	0	0	0	0	0	0	0	0	216	0	0	0	0
"776de026d9e377b9d05fd1501afbdc86"	0	0	0	0	0	0	0	0	0	0	0	0	0	5367	0
"778eb44366b1d55752d945c7e664756e"	0	92	0	0	0	0	0	0	0	0	0	0	96	0	0
"786806be661972bd240f6cf859699dcc"	0	7944	0	0	0	0	0	0	0	0	0	0	0	0	0
"78f0ffdc338ba7c6184f549101199df1"	0	0	0	0	0	0	0	0	0	0	0	6965	0	0	0
"79780edde753f2a6320b7572d15de25f"	0	0	0	0	0	0	0	0	0	111	0	0	0	0	0
"79956be7a52cda38c7417f3876388e0a"	0	0	0	0	0	0	0	0	250	0	0	1382	0	0	2549
"79c623d064def5ca9b6e4557d9ba8045"	0	0	0	0	0	0	0	0	0	0	0	0	573	0	0
"7a0d36e4e0d73bbe1c2970b114cbd6d6"	609	0	0	0	0	0	0	0	0	0	93	621	0	0	196
"7a5ccf646d3d5ee217b9bfbfdf26cb8e"	0	0	0	0	2	0	0	0	0	0	0	0	0	0	0
"7acec633179d5cbcb078b04e510526a2"	0	0	43	0	0	0	0	0	0	0	0	0	0	0	374
"7adf586efea1c46bf9485520abad9de0"	0	0	86	0	0	0	0	0	137	323	0	0	0	0	0
"7b32fe829ef6b60684d847b9bef22567"	0	0	0	0	0	0	0	0	0	0	0	0	0	0	66
"7b5c37cc549db191fba40e5f227050f8"	0	0	0	0	0	0	0	0	0	0	0	0	0	379	0
"7b68e01de6aada2c0d83ac5a3ec5c6f5"	0	0	0	0	0	0	0	0	1624	0	0	0	0	0	0
"7b9407c98bad828820697e7d482646dc"	0	5704	0	0	0	0	0	0	0	0	0	0	0	0	0
"7b9f0efa4647afee3492a73973efae4e"	0	0	0	0	2130	0	0	0	0	0	0	0	0	0	0
"7ba5113343413e5354aa62948a272477"	0	0	0	0	0	0	0	0	0	6605	0	0	0	1385	0
"7bf6ceffbcf9c9fe8386d730b328a59c"	0	0	0	0	0	0	0	0	260	0	0	0	0	0	0
"7cf5a884f3414e48484c7802e7f4db33"	0	0	0	0	0	0	0	0	0	2146	0	0	0	0	0
"7db0cadb345f525721bdac8d0b1cd1f0"	0	0	0	0	0	0	0	0	0	105	0	0	0	0	0
"7db74c4522c84afc704ef1edb8504ebe"	0	0	0	0	0	232	0	0	0	0	0	0	0	0	0
"7dcf506a8abf0f6138de23b61aece2aa"	0	0	0	0	0	0	0	0	0	153	0	0	0	0	0
"7ddc7b72e0d991189b106fb1d1f638f4"	0	0	27	0	0	33	0	0	0	0	0	0	0	0	0
"7dee06d82cc6963f7f251c94de1ac1d1"	0	0	0	0	0	0	0	0	0	0	0	0	5	0	0
"7ed2d2a1c37ffa170fcb59d49bcdcf9c"	0	0	0	0	0	0	0	0	40	0	0	0	0	0	0
"7f0788fea4ef6a08620ac3345f81dc60"	0	0	0	0	0	0	0	2280	0	0	0	0	0	0	0
"7f5caf71704ee74c2f19eab130f4e800"	0	0	0	0	0	0	93	0	0	519	0	0	0	0	0
"7fa5b9c5d45914d94eeae08e8909edba"	0	0	0	0	0	0	0	0	0	0	8	0	0	0	0
"7fb676f576f5ad0b08fa32e79f94935d"	0	0	0	0	0	0	0	0	0	551	0	0	0	0	0
"800dc473b1fd08fb71b37cfeac52f971"	0	0	0	0	61398	0	0	0	0	0	0	0	0	0	0
"80311b3f3811038fc3f7247b8fec20d9"	0	0	0	0	0	458	0	0	0	0	0	0	0	0	0
"803851d94e5d4a423184d56bb68d45e1"	0	20353	0	0	0	0	0	0	0	0	0	0	0	0	0
"808f3cf93207230da64e199baa698af4"	0	0	0	0	0	0	0	0	0	0	0	0	1854	0	0
"80c3aa4ba2b2279136905acf174c9d30"	0	0	0	0	0	0	0	0	0	0	0	0	5382	0	0
"80ffc7bdd1b10393a302cb6965ba065d"	0	0	0	0	0	0	0	39	0	0	0	0	0	0	0
"810dd8a0ed5434b5b1d61d26d3306a58"	0	0	0	0	0	0	0	0	0	0	18	0	0	0	0
"81165c526aa796352c05e792b6fcc03f"	0	0	0	0	0	0	9889	0	0	0	0	0	0	1793	0
"8142331f9ab10fa33db9277e928ae912"	0	0	0	0	0	0	274	0	0	0	0	0	0	399	0
"8149c9fa5e4c30898f6a86fa1ab5d56f"	0	0	0	0	0	0	0	0	0	0	0	0	0	204	0
"81526453e27840d0f1b2eb320ce343f3"	0	0	0	0	0	0	0	0	1998	0	0	0	0	0	0
"816f74d19484d75671c51554716e686f"	0	0	0	0	0	0	521	0	0	1005	0	0	2	4824	0
"81840db00774f50180914287c87adb66"	0	0	0	0	0	0	0	0	0	0	0	0	2787	0	0
"81a20d6bde175ad2c34c640e20eac460"	0	0	0	0	0	3902	236	0	0	0	0	0	0	0	0
"820f56222215d60d26b860752988ef8a"	0	0	0	0	0	0	0	0	0	5	0	0	0	0	0
"8223fbeff8ffbc0ddbf3942fd1b5b58c"	0	0	0	0	0	22	14485	0	0	13130	0	0	0	900	0
"8233b9b4d0df501491024585a8276e44"	0	0	0	0	0	0	0	0	170	0	0	0	0	0	0
"82b198a70c76ce6b6c47319c45150318"	0	0	0	0	0	0	0	0	0	0	0	0	38	0	0
"82dc5ac0a070fcebf09f77916fd8ee3e"	0	1747	0	0	0	0	0	0	8714	0	0	0	0	0	0
"82dd989b0d2a2eee3dedeefb7f7cc001"	0	0	0	0	0	0	245	0	0	0	0	0	0	0	0
"82f53fb065fe488ece4b386fd4428ec3"	0	0	0	1617	0	0	0	0	0	0	0	0	0	0	0
"837a56b90716af24ee0640d430b314d1"	0	0	0	2802	0	0	0	0	0	0	0	0	0	0	0
"8397f45e0a7d30e0a5f9fc43b7b5c1d5"	0	0	0	0	0	0	0	0	0	0	128	0	0	0	0
"84036dd1ff0c88be260d5d22840609cb"	0	0	0	0	0	0	0	0	0	0	0	943	0	0	0
"841eb01e1fae359aedcb9239c6bcf66a"	0	0	0	0	0	0	0	0	0	0	0	0	59	0	0
"847c872f568753a06252c53bfe4459db"	0	0	1966	0	0	1338	0	0	0	0	0	0	0	0	0
"848809c9621704bef744540ceedc79b4"	0	0	0	0	0	0	0	0	0	3	0	0	0	0	0
"84aba451c54a7817d27bfabe7e05cb53"	0	0	0	0	0	0	0	0	0	4766	0	0	0	0	0
"84f955937e2db50f1841e70b50fae34a"	13569	0	0	0	0	0	0	0	0	0	0	106	0	0	0
"855de9140cf951a5dd7e3dbde1d6787c"	0	0	0	91	0	0	0	0	0	0	0	0	0	0	0
"8594575a88f12eb669ce1e7e18d47639"	0	923	164	0	0	1789	494	0	0	3302	0	0	0	203	0
"85cdfa9ea71af06704b2577619567f6b"	0	105	0	0	0	0	0	0	0	0	0	0	0	0	0
"85d9ef9c27833194e0174b3d11cf8e73"	0	0	0	0	4635	0	0	0	0	0	0	0	0	0	0
"85ec50976195f1e3240e75f1065db89a"	0	0	0	0	0	0	0	0	0	0	0	0	0	81	0
"865dbc7339a8a3381f918ed0e2960fca"	0	0	0	0	0	0	0	0	0	0	0	0	93	0	0
"865f615f191e99811bef4178eafdcb74"	0	499	90	0	0	361	79	0	51	0	0	0	0	0	0
"86c472d54c7f47b17e04bc98e98665ea"	0	0	0	0	0	0	0	0	0	0	0	0	0	252	0
"86f98e577eb33da4a1624be26a8052ee"	0	0	0	0	0	3501	1080	0	0	1241	1287	2720	0	0	0
"87260b20b3ef7e5c91aed97110b5ed20"	0	0	0	2345	0	0	0	0	0	0	0	0	0	0	0
"87a84de0f71fdaf21a99cbc9506a2fad"	0	0	0	90	0	0	0	0	0	0	0	0	0	0	0
"87dd88b9326bda6bc48bcfdfa17ba0b8"	0	0	0	0	0	0	5	0	0	0	0	0	0	0	0
"888b792eb2c49ee3750e9f300d7059fc"	0	311	0	0	0	0	0	0	0	0	0	0	0	0	0
"89141ef3041b6cc4312ef2e0241ba61f"	0	0	6386	0	0	0	0	0	0	0	0	0	0	0	0
"898db7e2fe3a7d2cf1b42d5beb8b83ad"	0	0	0	0	0	0	0	0	0	80	0	0	0	190	0
"8abcde222784198b184b3f21f7ffaeae"	0	0	0	0	0	69	0	0	0	0	0	0	0	94	0
"8afd6c46f31183e1d2a27392373c1c5a"	0	0	0	0	0	0	0	0	0	0	0	0	209	16003	0
"8b75acd5475bd8d5fec96c9a5610b489"	0	0	24286	0	23820	0	0	19678	0	0	0	0	4649	0	0
"8bf102d33df063661a5f7fd92ad36329"	0	0	0	0	0	97	0	0	0	659	0	0	0	628	0
"8c641bb245408bc879a6e6595c9153bb"	0	0	0	0	0	0	0	0	0	0	18	0	0	0	0
"8c703431ad65878d839253802039b23c"	0	0	0	0	0	0	0	0	0	302	0	0	0	0	0
"8ca6548fbba15bf5a646690c8055e9c1"	0	0	0	0	0	0	57	0	0	0	0	0	0	157	0
"8cb08fbc4543436f1ba614a23546daf6"	0	0	680	0	0	0	0	0	0	0	0	0	0	0	0
"8cb32ac3b35d0d58d2de9c75157b6bfa"	0	83	0	0	0	0	0	0	0	0	0	0	0	0	0
"8d558375ebc6936d86168982fc8acb51"	0	0	116	0	0	3	0	1391	0	0	0	0	0	0	0
"8dc88391556d49c40da2827388286ec7"	0	0	376	0	0	0	0	0	0	0	0	0	0	0	0
"8dfdc5c1c340573f2921437a9881d8a8"	0	0	13875	0	0	0	0	0	0	0	0	0	0	0	0
"8e16dda5218a8d1bd9e921c08b641580"	0	0	0	0	0	0	1476	0	0	0	0	0	0	0	0
"8e51425bf21136964036f407bb6c462f"	0	0	0	13353	0	0	0	0	0	0	134	0	0	0	0
"8ece3a0f70e7e28ca9153bfe671a1f72"	12044	1224	3809	18460	9071	2271	19718	20349	4613	17104	4009	4152	1856	4094	7505
"8eedbc8c9ca5887ce04d949ecb1e34dc"	0	0	0	2148	0	0	5861	0	0	0	0	0	0	0	0
"8f695598adfd32ba1061890dc8afae39"	0	2837	781	0	0	1854	0	0	0	846	0	0	0	0	0
"8fcfbc5cedc51e1a2066928c461ec3e2"	0	0	0	0	0	37	0	0	0	1614	0	0	42	54	0
"8fd1d9253037bbc323fe66ed24c2124e"	0	1233	644	0	0	607	0	0	0	0	0	0	588	0	0
"8feb5013297dad9f57b67a15d53eac7e"	0	2557	589	0	0	0	0	0	0	0	0	0	0	0	0
"9063e4f46d2e74cadf361c6e9e6cf87b"	0	0	28	0	0	4803	0	0	0	0	0	0	0	0	0
"910b2d8aa9d15527e5a4d0ac095250fa"	0	0	0	0	0	0	0	0	0	1439	0	0	0	0	0
"913b6e227402e759445678b8d36cf6d7"	0	0	0	0	0	0	0	0	0	0	56	0	0	0	0
"91a94b51fd5f62e1558fe40bf69160d0"	0	0	0	0	0	680	190	0	0	4915	0	0	0	0	0
"91ec0a271c23f8bc4a508246889998e4"	0	2803	0	0	0	0	0	0	0	0	0	0	0	0	0
"92f64aeea94131aa61b78c02a03098b4"	0	0	0	0	0	0	0	0	0	0	0	0	630	0	0
"9309fca217d9800fb767aa2326db8568"	0	0	0	0	0	0	0	0	0	0	0	0	0	13410	0
"938198a14ca294bece7e8bf730da7747"	0	0	0	0	0	0	1486	0	0	0	0	0	0	2962	0
"93b8d0a6aa7981b20e6f6351359b6328"	0	0	0	0	0	0	0	0	0	18	0	0	0	0	0
"93df749a70c379303f3b0074c628032f"	0	0	0	0	0	0	0	0	0	0	0	0	0	5070	0
"94512dde6ea085d8cc2a2aad861d3e5a"	0	0	0	0	0	0	0	0	0	0	0	0	0	1215	0
"945a81cc19ab2d132e5deb4d9c6485a0"	0	34	0	0	0	0	0	0	0	0	0	0	0	0	0
"946e385d3a1a441220a0a70265c232bf"	130	0	716	471	0	0	0	0	0	0	0	0	0	0	0
"946f7b79f043e428effbf9e92098c744"	0	0	0	0	0	0	108	0	0	0	0	0	0	0	0
"9482f2f1ee8f900e39bd97d7240ebc05"	0	0	3081	0	0	0	0	0	0	0	0	0	0	0	0
"94849d12816adbb2d79f81f384f1fa81"	0	0	0	0	0	0	0	0	359	0	0	0	0	0	0
"94c308fdf1f446a1c8f93c2d1c529236"	0	0	21522	48402	82809	0	431	59445	11	0	0	747	12227	0	0
"94eede84f78a0aa90433ba6a6ff0e54c"	0	876	0	0	0	0	0	0	0	0	0	0	0	0	0
"95258f8677882bd1d1893d784b64a90d"	0	0	0	0	0	0	8	0	0	0	0	0	0	0	0
"957133a4d920a0f97704105a2fb98026"	0	0	0	0	0	0	0	0	0	498	0	0	0	0	0
"957abc338e17bc682f83186f5ca45f2a"	246	0	0	0	0	0	0	0	0	0	0	0	0	0	0
"95990c10103a4c6025d1737f7d2dfdc3"	0	0	0	0	0	0	0	0	0	3707	0	0	0	0	0
"95abb202899ff7ee9b36bd96ca0dac03"	0	0	0	258	0	0	0	0	0	0	45	0	0	0	155
"95b0a279a3a5a4ca0ca68c6693eae01d"	0	0	0	0	0	0	0	0	0	8	0	0	0	0	0
"95b20539375d2b2cf35b87b93a5faa73"	0	0	0	0	0	0	0	0	0	0	5085	0	0	0	0
"95b649a6e3e61eb9b8092e3b7a2c9a79"	0	0	0	0	0	122	0	0	0	2966	0	0	0	0	0
"95e720c566cca317d23953f1bdbc3539"	0	0	0	0	0	0	0	0	0	0	0	0	312	0	0
"960dbe9c8b66b2bed6b134344fbd3a38"	0	0	0	0	0	0	0	0	433	0	0	0	0	0	0
"9686edad710917e28d42a0d13644ae5b"	0	0	0	0	0	17	0	0	0	0	0	0	0	0	0
"96c76fbd3b751603dc539a4187b077ee"	0	0	0	0	0	0	0	0	0	0	0	0	0	437	0
"970057df9ddaac5429b5a73bd78feac1"	0	40	0	0	0	0	0	0	0	0	0	0	0	0	0
"97186e94b94be71b9e4a1b44815eaf67"	0	662	0	0	0	2860	0	0	0	0	0	0	0	0	0
"973b30c5c0e0ab929677831ff6a20c53"	0	0	0	0	0	0	0	0	0	0	0	0	0	0	596
"97a15080f671ded77aa8a6da6ec81e02"	0	169	226	0	0	0	0	0	0	0	0	0	0	0	0
"97ed0e26771a9331b1a6797f0227ed45"	0	0	131	0	0	0	0	0	0	0	0	0	0	0	0
"984dd32af8299f92c8908d9b38cbbe1e"	0	0	0	0	0	3043	1568	0	0	1776	0	0	0	6568	0
"9893b8f4f56e4ad5d6241601daf9eb01"	0	0	0	0	0	0	0	0	0	181	0	0	0	0	0
"989707209347ca736b0d7150396c2139"	0	2233	0	0	0	0	0	0	0	0	0	0	0	0	0
"98d33bf2fc41001e73f068b2db890868"	0	0	11171	0	0	0	0	0	0	0	0	0	0	0	0
"98d9a2193d0601b97ff4c914f01c3043"	0	0	1299	0	0	1891	0	0	0	0	0	0	89	0	2556
"98db0398cf1ae9424276c1056148950e"	0	14925	8583	0	689	24066	1489	1389	1167	15171	0	0	3437	2574	1174
"99285cb1c5f40199ca75933a553b5730"	0	0	0	0	0	86	0	0	0	0	0	0	0	0	0
"993ce0fb4fee434f80cdb1171e0b363c"	0	0	0	0	0	0	0	0	0	336	0	0	0	0	0
"99c3aa36c8ec396224f886359dc6eb6a"	54105	0	0	0	0	0	0	0	0	0	0	0	0	0	0
"9a1a5d6a4bb756d9de6061df114b4133"	0	343	206	0	0	222	0	0	0	1665	15687	0	684	0	0
"9a571154ec544af6838b077648273029"	0	0	0	0	0	0	0	0	0	56	0	0	0	0	0
"9a5a36ef79dbc9492751d3b0a6fad92b"	0	0	0	0	0	1006	0	0	0	0	0	0	0	0	0
"9b57f05475c0f368b3018aa16c7c7fd9"	0	0	0	0	0	0	0	0	0	0	0	0	0	0	436
"9b82fc31adc0b6c4e3d3a6c11dfe76f9"	0	0	0	0	0	0	0	0	1352	0	0	0	0	0	0
"9b9141f942d1fc59462b66281989d55e"	0	0	0	0	0	0	0	0	0	0	0	0	10167	0	0
"9bab0f60a82643e553ce795dbb8b2ca8"	0	216	0	0	0	0	0	0	0	0	0	0	0	0	0
"9c4d591d4858d675f413aeee25738f35"	0	0	0	0	0	0	459	0	0	0	0	0	0	0	0
"9c4e9c15c21b64449f2daafedb0e5027"	0	0	0	0	0	0	0	0	0	0	0	0	0	3709	0
"9ce3d524141848942a0390f7254fbb43"	0	83	207	0	0	255	0	0	210	0	0	0	6922	52	0
"9d50f7b14fb8468c92f997ed3a317994"	0	0	0	0	0	0	0	0	0	101	0	0	0	0	0
"9dbe8d809ace5e87bdfdeebc1022df4d"	0	0	0	0	0	0	0	0	0	934	0	0	0	0	0
"9ddcbae7d823ab4520a999d139940fb4"	0	0	0	0	0	0	0	0	0	5112	0	0	0	0	0
"9e6e15ab2703edd626054ae72d461b87"	0	203	0	2856	0	102	0	0	0	0	0	0	4563	0	0
"9e7594486d2875bf407f60477fe91b7a"	0	4615	776	0	0	4065	0	0	0	0	0	0	0	8275	0
"9eff943dfbadd172d1e0aeedb94c419b"	0	0	38	0	0	0	0	0	0	0	0	0	93	0	0
"9f284dd48161a965979018ef780db50e"	0	0	0	0	5544	0	0	0	0	0	0	0	0	0	0
"9f3bdda8c8c03ee6b779599a7b1b8e91"	0	0	477	0	0	0	0	0	0	0	0	0	0	0	0
"9f5868c11eddabe59750c5d592c12546"	0	0	47	0	0	0	5889	0	0	6203	0	0	1468	0	0
"9f5feafb15b9693ac6d6022b4a7d0e58"	0	0	0	0	0	0	0	0	0	0	0	0	0	155	0
"a03e455233f1e3f87c001192ab111e54"	0	15707	0	0	0	16806	0	0	0	60090	0	0	0	2498	0
"a0578df17c89d34c49f92649854b45f7"	0	0	132	0	0	1517	0	0	3749	8482	0	0	0	0	0
"a06347b0acd8ac489a915072e02e70a2"	0	0	0	0	0	0	0	0	0	4	0	0	0	0	0
"a06d513ce9aa28a391d2f9f696856dec"	0	0	0	0	0	0	0	0	0	0	0	0	0	1237	0
"a092a5601d1dcc8d278173cd98af2d65"	0	0	0	0	0	0	0	0	13	0	0	0	0	0	0
"a151fb905fdc1e38265559d293f8d566"	0	0	0	0	0	0	0	0	0	0	10676	0	0	0	0
"a1b213b621784a7a33ebbce1dbd50e3f"	0	0	985	0	0	0	0	0	305	0	0	0	278	0	0
"a24e4c359e56fc9da6f46468b168c6d4"	0	0	0	0	0	0	0	0	0	0	0	0	403	0	0
"a28b91297712ab4360a4490edd15a865"	0	0	0	0	0	0	0	0	0	0	376	1036	0	0	0
"a2bd67c0b3b90ccc8c1d23f1054b6bde"	0	0	0	0	0	0	0	0	0	0	0	0	0	2471	0
"a31131b273b578cf87daf07665fa7483"	0	0	0	0	0	0	0	0	0	0	0	0	0	5	0
"a37a508487179d4b1978c751b3a73860"	0	0	262	0	0	0	0	0	0	0	0	0	0	0	0
"a3afc417d45e643ee85932ffa462ead6"	0	76	204	0	0	0	203	0	0	0	0	0	201	150	0
"a3bc592ef3c6c57c1800345375c0979a"	0	0	1447	0	0	0	0	0	0	13032	7453	10321	0	2469	57
"a3dab4e5641703c695800fe7817cbc2b"	0	0	0	0	0	0	0	0	0	0	466	0	0	0	817
"a45e5841ddf4cbd0f02b534e4dec4c98"	0	0	0	0	0	0	0	0	0	15455	0	0	0	0	0
"a4a149dad650799ff3286f3bb1303cdc"	0	0	455	0	0	0	0	0	0	0	0	0	0	0	0
"a4b4dd1ac6daad6034bc92d09ace1d8d"	0	0	0	0	0	0	0	0	0	71	0	0	0	0	0
"a4dc2af93499a8b2a451517d408676dc"	0	0	0	0	0	0	3	0	0	0	0	0	0	0	0
"a51d794f17a2eb443d7c69c87fa5c9a3"	0	5746	1617	0	0	1033	0	0	4959	69	0	0	100	0	0
"a51f8bf03ee63817fd8422fa414f6a95"	0	48	0	0	0	61	0	0	191	0	0	0	0	0	18
"a5558311e0ac3eadc3a9bd29d78f0aac"	0	0	0	0	0	625	1068	0	0	14503	0	0	0	14	0
"a56966d10bec431b2fc79bd0b00b1cab"	0	16	156	0	0	471	0	0	0	376	0	0	0	27	0
"a6fc9c0b1a0be458b55cff0369638ff7"	0	0	0	0	0	0	129	0	0	0	0	0	0	0	0
"a74b6dfe271ce7532d7f1021642ad923"	0	0	0	0	0	0	0	0	0	894	0	0	76	201	0
"a7def8e3be0bb6501756ac0664881a8f"	0	0	1249	0	0	0	0	0	0	2666	0	0	0	0	0
"a7dfb2dd9f0bf924253e30ebdf180f00"	782	0	0	0	106	0	0	0	0	0	0	788	0	0	0
"a7fbac44c6fad558a6ead37ab5fbc5cc"	0	0	603	0	0	0	0	0	0	0	0	0	0	0	0
"a85961e4da97d8e465ab0bb78a4175e6"	0	0	0	0	0	55	0	0	0	38	0	0	0	0	0
"a9230ce92f497e9b426286c406d9858f"	0	0	0	0	0	0	0	0	0	0	0	0	141	0	0
"a973d75ba5104a58e2b63b97c515cffe"	0	0	0	0	0	0	0	0	0	0	0	0	0	44	0
"a975c66140e53986c6dbe8e6cbb48aba"	0	0	0	0	0	1023	0	0	0	0	0	0	0	0	0
"a9829313a32edc96585e40d4172a05dc"	0	4989	0	0	0	0	0	0	0	0	0	0	0	0	0
"a9c744c28729fc3e5f670e8b9e37a5da"	0	0	17424	9711	0	0	0	0	0	0	0	0	0	0	0
"aa5d78019ce3eba88edcb9de44c1028e"	0	0	0	0	0	0	0	0	0	0	0	0	5425	0	0
"aa927e1223b96870d2c0c289a92f6c3a"	0	0	312	0	0	0	0	0	0	0	0	0	0	0	0
"aa932537c27cc42b1466416c125019f2"	0	0	0	0	0	0	0	0	0	0	8781	0	0	0	0
"aabfde6b15060820fadecc2cfb3c4897"	0	0	315	0	0	123	0	0	0	0	0	0	0	0	0
"aad120b76d6c88883505b98f14b938b1"	0	0	0	0	0	0	0	0	0	0	0	41853	0	0	0
"ab0f3b0fec79ea664669ccd92db8e895"	0	0	0	0	0	0	14972	0	0	0	0	0	0	0	0
"ab693c4b06f982a3fef9964775027a1d"	0	0	0	0	1545	0	0	0	0	0	0	0	0	0	0
"ac07d09fbbeb9fb8d96e7f64d047bc89"	0	0	0	0	0	0	0	0	0	1259	0	0	0	0	0
"ac4e35a04d5793e1ba63fec5e3cea885"	0	0	0	0	0	0	0	0	0	17949	0	0	0	0	0
"acab510fe04f57e33e61f0cca08aceca"	0	0	0	2245	0	0	0	0	0	0	0	903	0	0	0
"ad182bcafbb40463f5eb597452d2e46c"	0	0	0	40	0	0	0	0	0	0	0	0	0	0	0
"ad37e3e8c045a50434966322422c3f68"	63	0	0	0	0	0	0	0	0	0	0	0	0	0	0
"ad5032929fa5caec71f8a78bf2b58087"	0	0	0	0	0	0	0	0	0	0	0	0	270	0	0
"adb3540b6faa89be323373260cb6c3a0"	0	0	0	0	0	0	1124	0	0	0	0	0	0	0	0
"add107fb66d3dc4659abdfd14f914f9e"	0	0	0	0	0	0	0	2	0	0	0	0	0	0	0
"adff685a74265f515211d3d2f93424e8"	0	0	0	0	0	0	379	0	0	0	0	0	0	0	0
"ae4f7d513d0c1ec7e993a6c15842371d"	0	0	1374	5296	0	0	0	0	0	33	0	362	14	0	0
"ae6a0f26beb60e50bf4507890ea90d56"	0	347	0	0	0	99	0	0	0	0	0	0	0	0	0
"af5e7ab6697237193beddd2384265b27"	0	0	0	13	0	0	0	0	0	0	0	0	0	0	0
"af6bf74e09080f375e633f5ac722660b"	0	0	0	0	271	0	0	0	0	0	0	0	121	0	0
"af92a7e1b98d227e4d9cbbcd995018ef"	0	0	0	0	0	3	0	0	0	0	0	0	0	0	0
"afb080d06c1c7ef8660a5b354185e7e9"	0	0	0	0	0	0	17067	0	0	0	0	0	0	0	0
"afe80d0b718c2154089a25fc00391377"	0	1746	0	0	0	0	0	0	0	0	0	0	0	0	0
"aff0b1b2a9ef5ee8c8c6938d5a86ba5f"	1244	0	0	0	0	0	0	0	0	0	0	0	0	0	0
"b00fe84514e0a33bf1b4ef9438a395cc"	0	0	0	5478	0	0	0	0	0	0	0	0	0	0	0
"b035c11c4802ed1b636c8347246ebecc"	0	0	61	0	0	0	0	0	97	64	145	62	54	0	0
"b03f2db9a9a62592e7d3b7a096905a80"	0	0	0	0	0	0	2045	0	0	0	0	0	0	0	0
"b04724371b420f10879cdd11db705f9d"	0	0	62	0	91	0	0	0	99	70	186	61	0	0	0
"b05df7a1b4d907292a3973d49c631f4c"	0	62	0	0	0	0	0	0	0	0	0	0	0	0	0
"b0656e1781bfad312ef3b2b921a8c233"	0	0	0	0	0	0	0	0	0	343	0	0	0	0	0
"b07a3bb4a9aa60a1bb4af8d4bbb83941"	0	0	0	0	0	0	0	0	0	58	0	0	0	0	0
"b0cc2f479610649ec9f9264e26665fc8"	0	0	0	0	0	0	0	0	0	0	0	96	0	0	0
"b112c9946da28cbb79c258250c227dd7"	0	0	0	0	0	0	0	0	0	859	0	0	0	0	0
"b168a7db170b7621574676b30eb04fa0"	0	0	0	0	0	0	517	0	0	0	0	0	0	0	0
"b175780f729470c5c340c7f5f9f5c244"	0	0	0	0	0	0	27010	0	0	0	0	0	0	0	0
"b1afa8cb501687595b3424cb8d34b0c6"	0	0	0	0	0	0	0	0	0	0	0	0	729	0	0
"b1d31618ca9b242fcdc97aca7fb2deb2"	0	0	0	0	0	0	14405	0	0	0	0	0	0	0	0
"b1fca211a6e811154e4108609b3dc243"	0	0	0	594	0	0	0	0	0	0	0	0	0	0	0
"b21a42614a471a03a049f6d4b521d0a2"	0	0	1	0	0	0	0	0	0	0	0	0	0	0	0
"b23a31ed11d5e78969ee1ff6023375ae"	0	0	0	0	0	0	0	0	0	0	0	0	0	1195	0
"b27a81f5b3d2602f56dd20c10ff8eead"	0	0	0	0	0	0	343	0	0	0	0	0	0	0	0
"b286c405973a764e9a6c893b2a359308"	0	0	0	0	0	0	0	0	0	0	0	0	0	0	9298
"b2c504ca5b942adda1a1a7a0e3a8d798"	0	0	0	0	0	0	0	0	0	0	0	0	0	93	0
"b2f7e18882bfa72c8f05cacf712ff11b"	0	0	0	0	0	0	0	0	0	0	0	0	0	404	0
"b3dd17772cfa896a58792c9453b5aedb"	0	0	0	0	0	0	0	0	0	634	0	0	0	0	0
"b3f2ab02f525d72e07c56f25226f5f82"	0	0	0	0	0	0	0	0	0	0	0	0	0	605	0
"b4a34d2957ec026606bf5d77b2313c2b"	0	0	0	0	0	0	0	0	0	0	0	0	373	0	0
"b500ce5bb1eb9e5dab973d4c34246611"	0	1279	0	0	0	0	0	0	0	0	0	0	0	0	0
"b527961f359a954290d95df4e7947582"	0	0	0	0	0	0	0	0	0	0	0	0	0	858	0
"b549a2baf00c6c566d2af8ad86d59815"	0	0	0	0	0	0	0	0	0	0	94	0	0	0	0
"b54dd437f1618aacc63fbc5e24f09c6a"	2952	0	0	0	0	0	0	0	0	0	0	1435	0	0	0
"b632121db1db47d8778b64d47294882c"	896	0	0	518	810	0	0	0	0	0	450	480	279	0	0
"b672caddcf422b59f913b620265cc5f7"	0	0	0	0	0	0	0	0	0	0	0	0	0	5223	0
"b68fb2bd47b7c41786c42c8d92260b22"	0	0	504	659	0	0	0	0	0	0	0	0	129	0	0
"b698a23f75d7077f2572e9fccfe1a018"	0	0	0	0	0	0	0	0	0	0	5522	0	0	0	1021
"b6b61b0e102ee52df7bf1b6905ec563e"	0	0	0	0	0	0	0	0	0	0	0	0	1605	0	0
"b6f3dd017c6dbcaa9359e1e15e9718b6"	0	125	0	0	0	0	0	0	0	0	0	0	0	0	0
"b79f3440e15765643c143727e3e3a279"	0	0	0	0	0	0	0	0	0	0	0	1264	0	0	0
"b82d79e95824017484e773176070a1a9"	0	0	0	0	0	0	12114	0	0	0	0	0	0	0	0
"b8a174467614619b86d9dc16cf2ec5b9"	0	0	0	0	0	0	0	0	0	0	0	0	0	5476	0
"b8b10e6317dad910c41c378db0d76b44"	0	0	0	0	0	16224	0	0	0	0	0	0	0	0	0
"b9f4b1591b1c38d0b7da11da3fa91f34"	0	1133	0	0	0	0	0	0	0	0	0	0	0	0	0
"ba8106f780c8abae53c60044a14b205b"	0	0	0	0	29	0	0	0	0	0	0	0	0	0	0
"ba84b08f63335144fa5ac0d03d12d1ed"	0	0	0	3171	454	0	2121	0	0	1171	0	0	0	8630	0
"ba95b6ccc1833ca94a17bf8311ea47d0"	0	0	0	0	0	0	0	0	0	36	0	0	0	0	0
"baa95ee8f1ed69a2711de2f835c4bcc3"	0	0	0	0	0	0	7533	0	0	0	0	0	0	2901	0
"bae084000458a24249f40eb3aa3003e4"	0	0	0	0	0	32	0	0	0	0	0	0	0	0	0
"bb1ce4b257fe65c336592fb2ca4ff87d"	0	0	14511	0	29103	0	0	0	0	0	0	0	0	0	0
"bb455624a1ab1d2faacd14b541264dcb"	0	0	0	0	684	0	0	0	0	0	0	0	0	0	0
"bb58ac987f7d4959c267b0a9b3ac6243"	0	0	0	0	0	0	0	0	0	0	0	0	0	5477	0
"bb780372dacc300a82e868a566e727b9"	0	0	0	0	0	0	0	0	0	156	0	0	0	0	0
"bb80d104e83b4b2a4663fff7b6257026"	0	0	0	0	0	0	0	0	0	0	0	0	0	147	0
"bbabc9b29685e8c1feac4d0c46a88344"	0	0	0	0	0	0	0	0	81	0	0	0	0	0	142
"bbb58ca8f33ddf46721bbc0dbba368bc"	0	423	0	0	0	0	0	115	0	0	0	0	0	0	0
"bbb66d2403b86af0e97ecde0dfd3f3e5"	0	0	0	0	0	0	0	0	0	0	0	0	5	0	0
"bbc2580bd602b6d550696ecd9679c216"	0	0	0	0	0	0	0	0	0	0	0	0	0	5417	0
"bc76d6e02450c7e521f9afb2d80420bb"	0	0	0	0	0	0	1810	0	0	0	0	0	0	0	0
"bcd5740fe4a2133d5b6892db48d5a804"	0	0	218	0	0	0	0	0	0	0	0	0	0	0	0
"bd6df4566f5560e93e6e84aea45abe29"	87599	0	0	0	0	0	0	0	0	0	0	0	0	0	0
"bd93cefd6635890971ae2f41f2a1916e"	0	0	0	0	11374	0	0	0	0	0	0	0	0	0	0
"bdfae1d233dcb00887a0596f9ead06cf"	0	0	0	0	0	0	0	0	0	0	0	0	0	6729	0
"be38fa081fe144b4dbc37a925e490cc3"	0	3907	0	0	0	3324	0	0	1525	7166	8	0	0	2170	0
"bf116d0f019e704ec516fdee0c4aeeff"	0	0	0	0	0	0	0	0	0	0	0	0	555	0	0
"bf8b252bc9b013309753ee1092e02265"	0	0	0	0	0	0	0	0	0	0	0	0	0	35898	0
"bfced0a902e572fdf3771f39ce7a9d8f"	0	0	0	0	0	140	58	0	0	0	0	0	0	0	0
"bfe628ee036bda43da2290e9c6381883"	0	0	125	0	0	0	0	0	0	0	0	0	0	0	0
"bff6ffecbf0137f80a797a754eded190"	0	0	0	0	0	0	0	0	0	0	0	19	0	0	0
"c045f8704f40c9451b47c4a952c16a13"	0	74	0	0	0	0	0	0	0	31	0	0	0	0	0
"c052d3dc6c10b682a6bfc930d6191855"	0	0	0	0	0	0	0	0	0	0	0	0	449	0	0
"c0547a00fe627921881bfeb5d80b3de1"	0	0	0	0	0	0	0	0	0	0	63	0	0	0	0
"c09447ba4a0c47b74b2efe96f39d00fa"	0	0	0	0	0	0	0	0	0	0	0	0	0	639	0
"c0f5bd971c1386e52b4649f4bd992daa"	0	0	536	0	0	0	0	0	0	0	2350	0	0	0	0
"c10bb45c6834a6487dbf9b385aa6f0d5"	0	0	0	0	0	0	6	0	0	0	0	0	0	0	0
"c12dd5af72943816d4fa6ee29107593f"	0	0	0	0	0	0	0	0	1684	0	0	0	0	0	0
"c12ea6812a557e09d85f3b471a76b110"	0	2018	0	0	0	0	0	0	0	0	0	0	0	0	0
"c1572db90ee091dfabe89e000d019005"	0	0	0	0	0	0	0	0	0	0	0	0	0	40215	0
"c1733dcff5cad798991b95d7620d4fcd"	0	0	0	0	176	0	0	0	0	0	0	0	0	0	0
"c1b0452be5c5e2830026829f37c6abd4"	0	0	0	0	0	0	0	0	0	108	0	0	0	0	0
"c1bcf7650e865740aebb037fb0682c70"	0	0	0	0	0	0	3113	0	0	4851	18	0	0	0	0
"c1dbb87c519934f02f392fd29c005d27"	0	0	0	0	0	0	28031	0	0	0	0	0	0	1001	0
"c1ea9e0eae303acda86bd98ed56459a2"	0	0	0	0	604	0	2319	0	0	0	0	0	294	14331	0
"c1fe2f4e7e51ffd2815ea882c52c60a6"	0	0	0	0	0	0	0	0	0	0	0	0	332	0	0
"c219c61e2f8df97542545e835ee85f30"	0	0	284	0	0	0	0	0	0	0	0	0	0	0	0
"c2772f988c913cb40104c12145fc7781"	0	146	0	0	0	0	0	0	0	0	0	0	0	0	0
"c295cfabc16f12688b46c070741addc7"	0	0	0	0	0	0	0	0	0	62	0	0	0	0	0
"c2f1120f5be9f9d393349d49301241bd"	0	0	0	0	0	0	0	0	0	0	0	0	1150	0	0
"c3efde3a571f3e7f9a7384872c443caf"	0	0	1776	0	0	0	0	0	0	0	0	0	0	0	0
"c47afdd244d5f4781d244cc59bb08f73"	0	0	0	0	0	0	321	0	0	0	0	0	0	0	0
"c4fe670a2d4a625337990e4bbc4ddbc5"	0	0	0	140	0	0	2147	0	0	790	0	0	0	12050	0
"c50517dacaa9b5b81bc5027aeab2fa4d"	13216	0	0	0	0	0	0	0	0	0	0	0	0	0	0
"c51a616500835110b166381a24d643f7"	0	0	0	0	0	0	0	0	1344	0	0	20499	0	0	0
"c55c92da3a16ebe81d190874ed3cf23c"	0	0	0	0	0	0	0	21721	0	0	0	0	0	0	0
"c5658ec55073b55ff4cf0212ba2017fc"	0	0	0	0	6843	0	0	0	0	0	0	0	0	0	0
"c5d871cdb6635f0c9ab6480a1a3fce2f"	0	0	0	0	0	555	0	0	0	0	0	0	0	0	0
"c62c262f285a97d34d0663fea4648a29"	0	0	0	0	0	0	0	0	0	0	0	0	84	0	0
"c63566c829e56b35d409d5f06baaac76"	0	0	0	0	0	0	0	0	0	0	0	0	0	592	0
"c70da7b7a8ebf9ce0f49a2e76bc869f1"	0	0	0	0	0	0	0	0	0	0	0	0	0	0	724
"c770911a339a6eba76baa34cfa6dddd2"	0	0	0	0	0	0	0	0	0	0	0	0	27	0	0
"c7818ec3facea57a519657e91d1a1744"	0	0	0	0	37	0	0	0	0	0	0	0	0	0	0
"c782f3d4846d1d70cbe02bb4c5ea0173"	0	0	0	0	0	0	0	0	0	7548	0	0	0	0	0
"c7bac0a4b16aa3ffe06c9782c238822f"	0	0	17864	0	969	0	0	522	0	0	143	0	5161	0	0
"c7e55df973a207fc575a1be8095d6d02"	0	0	12652	0	0	0	0	0	0	0	0	0	0	0	0
"c7ff3001f84b82823a5e862b40ea221f"	0	0	0	0	0	0	0	0	0	0	0	0	26	0	0
"c8018084417cd2b4c0ae43484c509625"	0	0	0	0	0	0	0	0	0	0	1484	0	0	0	0
"c818f9c0ef746c536467472f0d1203b3"	0	0	0	0	1165	0	0	0	0	0	0	0	0	0	0
"c8495c70dfc040a16c25177189aee573"	0	0	0	0	0	0	0	0	0	0	0	0	0	473	0
"c8587b7d432155fc315562f5c7bec495"	0	0	0	0	8554	0	0	7826	0	0	0	0	703	0	0
"c85a76d62917c0fd6f24c3d8cb43ca4c"	0	0	6450	0	0	0	0	0	0	0	0	0	0	0	0
"c8b758921357954e94d32985c86f4afb"	0	0	888	0	0	0	0	0	0	0	0	0	0	0	0
"c8c11ed617e7ea3c542c84dcb6275863"	0	0	0	0	0	0	0	0	0	0	0	16469	0	97	0
"c985f47e2cda6cf87c766156110fef0e"	0	9971	4982	0	42529	8294	4116	66622	16248	56324	75237	0	7407	2133	72075
"c9abe3a3651929c35fb199046d539536"	0	0	0	0	0	0	0	0	0	0	0	0	0	4	0
"c9da7674e1c37115e7453a6f97e2c967"	0	0	0	0	0	0	0	0	0	613	0	0	0	0	0
"c9f17617ef7c6808763f6511005d5a5c"	0	0	0	0	0	0	0	0	0	0	0	0	264	0	0
"ca1c3528d1c9ca7106396a31dcd77313"	0	0	0	0	0	0	0	0	12786	0	9255	0	0	0	0
"ca1e66d2ba011cf25d95b00e0f8cdf3b"	0	0	0	0	0	0	15719	0	0	0	0	0	0	1292	0
"ca5797383f2df6b5d8eb09014a9bd99c"	0	0	0	0	0	0	0	0	0	23	0	0	0	0	0
"ca8526665a3cb07cc866bcfa46d72051"	0	0	0	0	0	0	0	0	0	0	18546	0	0	29395	0
"ca8537eb2d4b2f95e7b9c332f5eb677f"	0	0	0	0	0	0	0	0	148	0	207	0	0	0	0
"cabe5529f493fc5c977e2306c73e55bd"	0	1	0	0	0	0	0	0	0	0	0	0	0	0	0
"cace0170c533f595812c1849a9b14a47"	0	0	0	0	0	0	1168	0	0	0	0	0	0	0	0
"cad0f963d0ea37cc139ece517f489a18"	0	0	0	0	5463	0	0	0	0	0	0	0	0	0	0
"caf246532a87c3bbb8ef2513e9e1f1ce"	0	0	0	0	0	0	0	0	0	0	0	47	0	0	0
"cb0c6c911bfdd39dee9625d5bff1d728"	0	0	0	0	0	0	342	0	0	0	0	0	0	594	0
"cb1a1ea41970a98813ba4e6a2953239a"	0	0	0	0	0	213	0	0	0	0	8122	0	0	0	0
"cbce9719ebed7fb6a7d096d99ad492b4"	0	0	0	0	0	0	0	0	0	17	0	0	0	0	0
"cc22c5faa6c7e479e0dc27e490c00db9"	0	0	0	0	0	0	29	0	0	40	0	0	0	0	0
"cc47d93d12dee8148f053f44a4552073"	0	0	0	0	0	207	0	0	0	0	0	0	0	0	0
"cc4adc0156a252ff564968fa340451cd"	0	0	0	0	0	0	0	0	0	0	0	0	0	5	0
"cc8196586e8bd12f2a9c58e2d15f01ce"	38	0	0	0	0	0	0	0	0	0	694	291	0	0	580
"cc9226d200781e7d301f771f2ddf6d88"	0	0	0	0	0	0	0	0	108	0	0	0	0	0	0
"cca3cf9268deb204f436a52212ac1127"	0	0	0	0	0	0	0	0	0	0	0	0	2009	0	0
"ccbf0d6466d315267b7867982f6cc66e"	0	0	0	0	0	182	0	0	0	0	0	0	0	67	0
"ccde0e19854698d2a0161226777132a3"	0	0	0	0	0	0	0	0	0	0	3641	0	0	0	0
"cd046715706a665d7ee6b2994df3f933"	1693	0	3740	0	5867	8887	0	26527	654	0	5554	26700	1674	0	0
"cd7d5dca88ad568c8b9ba5caba2f7515"	0	0	621	0	0	0	0	0	0	0	0	0	109	0	620
"cdac7cd3abc5ede924f36e049e7d41fb"	0	511	0	0	0	40	0	0	0	0	0	0	0	0	0
"cddc8f7643af2710913956b4591e23e2"	49015	0	3386	0	0	0	0	0	2229	5858	41016	85034	0	0	4247
"ce65cbf08776673c2af92ea81c688372"	0	0	0	922	0	0	0	0	0	0	0	0	0	0	0
"cee25049d8902e1042858a6eb6dd9c53"	0	220	329	0	0	26	0	0	0	0	0	0	0	0	0
"cee4a69b4401dbbe8f67c2a9a8198012"	0	0	0	0	0	0	0	0	0	1291	0	0	0	480	0
"cf627a1f1b88c8e997f1be6f8196dba4"	0	0	0	0	0	0	0	0	0	0	0	0	0	85	0
"cfb60439526b7e25a1bab60ab7146006"	0	0	0	0	0	0	0	0	0	2019	0	0	0	0	0
"cfd60b34a41127a542797ed9ab37c073"	0	0	0	0	0	0	0	0	0	0	0	0	0	1930	0
"cfef621773e821a992695085481b8533"	0	0	0	0	12126	0	0	21	0	0	0	0	2556	0	0
"d002efc40a83c76e93afeff16c128c41"	0	8	0	0	0	918	0	0	0	0	0	0	0	0	0
"d0068fa569abf10957fdde1923b635b5"	0	0	0	0	0	4937	0	0	0	0	0	0	0	0	0
"d016ac69197cc7d33c76b01a582d75ea"	0	211	818	0	32482	0	0	1640	0	74885	0	0	38	0	0
"d01fb9fa07c8f76eb6e3effd5f391b13"	0	0	0	232	0	0	24	0	0	0	0	0	0	1375	0
"d0357eb75126e3fcd17a425e3a3b149c"	0	0	0	0	0	0	173636	0	0	0	0	0	0	0	0
"d047a7e21f2c0b1c6010dfcfeefafc36"	0	0	0	0	0	340	0	0	0	0	0	0	0	0	0
"d0d515124455ad67f6793f6330a34ab9"	0	0	0	0	0	0	0	0	0	0	0	0	2331	5262	0
"d12a4b47d7da82dd84549f1e65be5943"	333	0	0	0	0	0	0	0	0	0	0	0	0	104	0
"d1661f9932ae73990a427a81db21faf3"	0	0	0	0	0	0	0	0	0	0	0	0	0	5141	0
"d185bf721dd065f833b8bf4b2958d863"	0	0	0	0	117	0	0	0	0	0	0	0	0	0	0
"d1ada0c57ac13f5eb4749ce96343ea12"	0	0	0	0	0	0	2853	0	0	0	0	0	0	0	0
"d208d11e9dddad7f8bff0e2491a90e8a"	0	0	0	800	0	0	0	0	0	0	0	0	0	0	0
"d21ef23238c92c7d0204bc7e6a4d01ee"	0	0	0	0	0	0	0	549	0	0	0	0	0	0	0
"d26b92a8a8a803cb257fb743dda5e349"	0	0	0	0	0	0	0	0	0	39	0	0	0	0	0
"d27ac139f85de64d73c1d1f43f4ff93d"	0	0	0	0	0	0	0	0	1664	0	0	0	0	0	0
"d2b1349604bd546e6a3b9892d2db9acf"	0	0	0	207	0	0	0	0	0	0	0	0	0	0	0
"d2bf3a199ad12a8d91ddc27d0d931de5"	0	0	0	0	0	317	0	0	0	0	0	0	0	0	0
"d314a3285aad4eab2d711952f770a1ab"	0	0	0	0	0	4709	0	0	0	0	0	0	0	0	0
"d33e790ac56992658349009739352766"	0	0	0	0	0	0	0	0	0	0	0	0	6	0	0
"d3b3174d34e998a3c7f55efbb2392f05"	0	0	0	0	0	0	0	0	0	0	0	20152	0	0	0
"d427a4b29ba608cb647207a911a53369"	0	1357	323	0	0	0	0	0	0	0	0	0	0	0	0
"d47b2d246de1c14c3c66699395284737"	0	0	0	0	0	0	0	0	0	0	0	0	0	2	0
"d4c69dc687c7adea593d0c53f46dd4df"	0	0	0	0	0	0	0	0	0	462	0	0	0	0	0
"d56e3da8f8302260ae795d1883977093"	0	0	0	0	0	0	0	0	0	171	0	0	0	0	0
"d5a549a71eed2b0092b85c61ca0e7b06"	0	0	0	0	0	0	0	0	0	0	0	0	0	57	0
"d5c9a0e97e65fbac316a128aade87b4a"	0	0	0	0	0	0	5157	0	0	0	0	0	0	1367	0
"d5dfb193d07cab554d89fae65053fd6b"	0	0	0	0	0	0	0	0	0	0	0	0	2548	0	0
"d6054626d93d147b48748babe17a1b7e"	0	0	0	400	0	0	0	0	0	0	0	0	0	0	0
"d635e395ec714d199d38b5230d2d39ab"	0	0	0	0	0	0	0	0	0	2	0	0	0	0	0
"d683b5dbe02e837995e10b9d41da0782"	0	0	0	0	225	0	2689	0	0	352	237	82	72	104	0
"d75ed440ad98b38ac97d5ba8df90a683"	0	0	0	0	0	0	0	0	453	0	0	0	0	0	0
"d7ab36210f7483c598e8a5a2d74ad8db"	0	0	0	0	0	0	33	0	0	0	0	0	0	0	0
"d7abc8f7ebc784ba1f09a73265e71eb1"	0	0	0	0	0	0	0	0	0	0	0	0	271	0	0
"d7acda5fd146165fe3fb5a05682e3bfb"	0	0	0	0	0	510	0	0	0	0	0	0	0	0	0
"d80354f7da45506c2ad5cef5478570ae"	0	0	0	0	0	0	0	0	0	4805	0	0	0	0	0
"d835e12165352f348d0d772a7196854d"	0	277	0	0	0	0	0	0	0	0	0	0	0	0	0
"d866062b8156c2acf1dd5025d328ffdd"	0	0	0	0	0	0	139	0	0	0	0	0	0	0	0
"d91cfe59f8c91b8ea8f286a890bc6574"	18530	0	0	0	7175	0	5961	0	7940	936	17166	69948	0	3249	10323
"d934cb6daec75cb723b93805df066136"	0	0	0	0	0	0	0	0	0	0	0	5	0	0	0
"d977349946540813f43e1713216fc432"	0	0	0	0	0	0	0	0	0	0	0	0	8	0	0
"d9a0124fb6a18e8cc71818c110dc3a5e"	0	0	0	0	0	0	0	0	0	0	0	0	106	0	0
"d9b082ee5337ca5b90031df55fac62ca"	0	0	0	0	0	0	0	0	0	0	0	0	0	1884	0
"d9e774bee0a663d985534f5255d799d8"	0	0	0	0	0	0	0	0	0	0	0	0	0	707	0
"d9f14291ebbd04fe4dc3424e4d98c838"	0	0	2044	11116	2362	0	0	0	0	0	0	0	3773	0	0
"da772d640e021bad5e2697e2babe499b"	0	0	0	0	0	0	242	0	0	0	0	0	0	0	0
"daa9b2b8da02de8596e6731c3d089636"	0	776	28556	15812	0	1025	0	13700	0	2123	220	0	4793	0	0
"dabbd5ec270b25894eaa9f8475eea885"	0	0	0	0	0	0	0	0	0	270	0	0	0	0	0
"db246c59925fc4da192fda3205e94936"	0	0	39	0	0	0	0	113	0	0	0	0	0	0	0
"db50695566d339013d43d19265d7972c"	0	0	0	0	0	0	0	0	0	0	0	0	68	0	0
"db682d2f19669eff7640963ba3e9e928"	77	0	0	0	0	0	0	0	694	0	0	0	0	0	4089
"db816c9526a50217ddd7ed390de86648"	0	762	0	0	0	0	0	0	0	0	0	0	0	0	0
"dc0c9e8d1b304ab0a638577cb095ea1d"	0	0	0	0	560	0	0	0	0	170	0	0	8	0	0
"dc2dfbd48fda906bd1dad8c5784a9409"	0	0	0	0	0	0	0	0	0	0	60	0	0	0	0
"dc3e61580417482cb842020d4630d981"	0	0	0	0	0	54	0	0	0	0	0	0	0	0	0
"dc9340b843fe5597bff757d3535da065"	2892	0	15033	0	13589	0	0	0	0	2858	12286	10385	483	0	531
"dd27b8968d4caf52debe82a2bdab953c"	0	0	0	0	0	0	0	0	0	0	0	0	0	3990	0
"dd2f6e28b8f719d2b3059df570f1b597"	0	0	0	0	0	0	0	0	0	0	0	0	0	40	0
"dd5de0effa480b9bcdc5abe7e68b0053"	0	0	0	0	0	0	0	0	0	0	0	0	0	10116	0
"dd670215089af1f5ef81597ac8d90a09"	0	0	0	0	0	0	0	0	0	0	0	0	0	1298	0
"dd67268426699073546fc71805644468"	0	0	5717	0	0	0	0	0	0	0	0	0	0	0	0
"dd6a8f703a9ddbd2bd83fbe563700a7d"	0	0	0	0	0	0	0	0	0	0	0	0	0	918	0
"dd738527a8323499b16c7aa66da3aa9d"	0	0	0	0	0	0	0	0	0	5114	0	0	0	0	0
"dd76a677db4e00cda014f20d488ce568"	0	0	0	0	0	0	0	0	0	0	0	0	0	898	0
"ddc07b3ad39e9609564e376cad83a86a"	0	0	4	0	0	0	0	0	0	0	0	0	0	0	0
"ddd9bfcfb77a7ea68dd3f26759841312"	0	0	0	0	0	0	0	0	0	793	0	0	0	0	0
"de3e361c38efdbd9d13286ccc2b5cf50"	0	0	0	0	0	0	48	0	0	0	0	0	0	0	0
"de51bdd1e3d3606647aeff985e014a7e"	0	0	1250	0	0	0	0	0	0	0	0	0	0	0	0
"de842198366157476984b0a88e9a195c"	0	0	0	0	42	0	0	0	0	0	0	0	0	0	0
"dec5c4e5d5b27378d4160b909d473c48"	0	0	0	0	0	0	0	0	0	0	0	0	12899	0	0
"dee54281f68dd111b15fc05fc5a31ba7"	0	0	1201	0	0	0	0	0	0	0	0	0	0	0	0
"df26eeb360a3430ddb0281f0753669c1"	0	0	0	0	0	0	0	0	0	1166	0	0	0	0	0
"df4d07afa72857176fa77fee17fad310"	0	0	0	0	0	0	491	0	0	0	0	0	0	0	0
"df8078434ea68be0d101971e8df4a552"	0	0	0	0	0	0	0	0	0	0	0	0	0	2249	0
"df9a2665ad5420ad57b64d296432e5f2"	0	0	0	0	0	0	0	0	0	0	0	433	0	0	0
"dfb0408ac398e5cd66f279c6e8a15ce7"	0	0	0	0	0	0	0	0	0	0	0	228	0	0	0
"e01ae7eaf840cddbbed9d45bc35d3787"	0	0	0	0	0	0	0	0	0	207	0	0	25	0	0
"e02a6e38d17f005be5f9a84f968e1ec8"	0	0	0	0	0	0	0	0	0	0	0	0	0	36165	0
"e06912ece7b392ea82f91f8b0e3687d0"	0	0	0	0	0	4	0	0	0	0	0	0	0	0	0
"e0781aea21b70dd24094acf2a70cd519"	0	3120	0	0	0	0	0	0	0	0	0	0	0	0	0
"e095f9d720ff35d6203044cdb548ce85"	0	0	0	0	0	0	0	0	0	5	0	0	0	0	0
"e0e04efe20ac093d87d4b70b923fe6a7"	0	0	0	0	0	0	0	0	0	0	0	0	35	0	0
"e20b1238d633876c41dc83c3ce3b4c16"	0	584	0	0	0	0	0	0	0	0	0	0	0	0	0
"e20e6fa577c680a978aaeb160fe81af4"	0	0	0	0	0	0	0	0	0	0	0	0	349	0	0
"e240539ee420828408a64f7874fc2c24"	0	0	0	0	0	1675	0	0	0	0	0	0	0	0	0
"e262e1cf63d025bebb3f6e268367e030"	0	0	0	0	8761	0	0	0	0	13257	0	0	0	14868	0
"e26eb5a05f3230cc82acff1d47bb8fbb"	18	0	111461	14766	113981	17006	0	0	157023	108244	308201	105756	78521	0	94
"e2ba006f552366886bb3b1b8d358cbf9"	0	0	0	0	0	0	0	0	0	0	1254	0	0	0	0
"e2c30cb36d37ef351683dcf52cb03674"	1067	0	0	0	0	0	0	0	0	0	0	0	0	0	0
"e2ee5bef9d51843c6d1b7d3a0eeac296"	0	0	0	0	0	0	0	0	0	0	0	0	2407	0	0
"e3623be022ca4c6121a54b3e3575bae1"	0	0	0	0	0	772	0	0	0	0	0	0	0	0	0
"e36e579e0a331c78a0674a55293d1bb4"	0	0	0	0	0	40	0	0	0	0	0	0	0	0	0
"e37c50dcb61263791a82e9e7d057e593"	0	0	0	0	0	0	0	0	365	0	0	0	0	0	0
"e395ae3a69eec15fede1b9226311383e"	7525	0	0	0	0	0	0	0	109	0	0	0	0	0	5711
"e3e6f63159e46135d056cfe88b00f39e"	0	0	0	249	0	0	0	0	0	0	0	0	0	0	0
"e48a72588a43e8b5b4bd243a3fe51f8e"	0	0	0	0	0	0	0	0	0	0	105	0	0	0	0
"e49c77120ef9e1065e9e91d13863043a"	0	775	0	0	0	600	0	0	0	0	0	0	0	0	0
"e4fafb165bf933dd0d179de6d9c5d0b2"	0	0	0	0	0	0	0	0	0	291	0	0	0	0	0
"e52170989af5414c080f48288e5fe2da"	0	2	0	0	0	0	0	0	0	0	0	0	0	0	0
"e56bad3bc7bc52fe8485bc92e0098a2b"	0	0	0	0	0	0	205	0	0	5530	0	0	0	0	0
"e5d53e90203bffccf445ce1c6663b315"	0	0	5	0	0	0	0	0	0	0	0	0	0	0	0
"e635f215a19cd671fcfd1cb717a1fb5b"	0	3252	2874	127	0	4689	0	0	0	6197	0	0	374	511	0
"e6a532cca6f43f8b3ab06a7d2ccd1fd6"	0	0	0	0	0	0	0	0	0	40	0	0	0	0	0
"e6db9ed10666988ed8bc6f54f1361169"	0	0	0	0	0	0	0	0	0	0	0	0	0	396	0
"e6dd027124d6db64efebc44f2990bf0e"	0	0	0	0	0	0	0	0	0	0	0	0	105	0	0
"e707f574b92fa58cca07e28b9b87d5e5"	0	0	0	464	0	0	0	0	0	0	0	0	0	430	0
"e7218e1a47b565c70746f0e88eca03f1"	0	0	0	0	0	0	0	0	75	0	0	0	0	0	0
"e7cf6e33b5ca726228989b511e23f092"	0	0	63	0	0	0	0	0	52	0	0	0	0	0	0
"e7ed07c303d551c988b50144e8d3affe"	0	0	0	0	0	8525	0	0	0	0	0	0	0	0	0
"e8201e1526efc2d5570eec8313f32fa0"	0	0	0	0	0	0	0	0	5664	0	0	0	0	0	0
"e8598a1e70378ab4cbf4334e6c6b1d18"	0	0	0	0	0	2245	0	0	0	0	0	0	0	0	0
"e8af78ccfb8a6f2e55dedd6243abdafc"	0	0	0	0	0	0	15100	0	0	0	0	0	0	0	0
"e92cb6a636bf4dcccbc90d659bc31a85"	0	0	0	0	0	0	0	0	0	0	0	0	0	3492	0
"e98e485633f9256c11fd0cc7e182c238"	0	0	0	0	5	0	0	0	0	0	0	0	0	0	0
"e9a188f9c1ee94417d88c2aceddb94f5"	0	0	0	0	0	0	0	0	0	0	0	162	0	0	0
"e9d0d486a34d220f69f75f8e984284e4"	0	0	0	0	0	149	0	0	0	0	0	0	0	0	0
"ea18a7498e8f4d95dbfcaf7974b9ebd1"	0	0	0	1634	0	0	0	0	0	0	0	0	0	0	0
"ea3122d39bf6c5ba70b89b00e98b4154"	0	0	372	0	0	0	0	0	0	0	0	0	0	0	0
"ea480092b2169dd30795d23c3ad0ce9d"	0	0	0	0	0	0	0	0	0	0	0	0	0	60	0
"ea87a56751b73b8e617e550c1ab99577"	0	0	0	0	0	0	0	0	423	0	0	0	0	0	0
"eb7061e3bc51eb93df19a0875aadfce6"	0	0	0	0	0	0	0	0	23875	0	130585	0	0	0	0
"ebc0b765e41a47caef49fae12ef2e53d"	0	0	0	0	0	0	0	0	0	0	0	0	36	0	0
"ebc14785691b0c21d632956fcab2bbf8"	0	0	13	0	0	0	0	0	0	0	0	0	0	0	0
"ebc832d2513055a5ea4edbffab242eac"	0	0	0	0	0	0	0	0	0	0	0	14	0	0	0
"ebd2aed18eb4308afa13f0d187fd59b4"	0	0	3	0	0	0	0	0	0	0	0	0	0	0	0
"ec20747458aa700cb2bb59c6da16c832"	0	0	0	0	0	0	0	0	0	295	0	0	0	691	0
"ec398400ff001d5e6e5c0291c6de55b9"	0	0	0	0	0	0	0	0	0	0	0	8462	0	0	0
"ec52c947ffe02752ff515ba07c7ace90"	37409	620	81	1126	27	239	7440	1384	2093	915	2657	1291	381	69	244
"ecbdf2d90d50eb1b6692fc15c237e30f"	0	0	0	35	0	0	0	0	0	0	0	0	0	0	0
"ece98ac01c30aabfdcfc5da3aef879cc"	0	0	0	0	0	0	0	0	0	0	0	36	0	0	0
"ecf55ec20f955f3a8a9c2b9232227efa"	0	0	0	0	761	0	0	0	0	0	0	0	0	0	0
"ed358dc8de850c43d4bf0dd49e9783e6"	0	0	0	0	0	0	0	0	6	0	0	0	0	0	0
"ed5e905ed0cf44d4ccd1dfac52c76fc5"	0	0	0	0	0	0	0	0	0	2302	0	0	0	0	0
"eda38f4cb4353b72f331c9c7651ba023"	0	0	0	0	9	0	0	0	0	0	0	0	0	0	0
"edb66b5bb6a895ae6bd378e5d17a2fe1"	0	0	34684	0	0	0	0	12829	0	0	0	0	4275	0	0
"ee322d1c95a3fc762034824861f66144"	16476	0	0	0	0	0	0	0	0	0	0	0	0	0	13839
"ee3f2d9db0bd9bbb4c484b30654a5302"	0	0	0	0	0	548	0	0	0	1073	0	0	0	0	0
"ee4f3e606f2c431033a0e7f17562b4ba"	86	0	1990	0	83	0	170	1861	5131	0	10433	5996	576	0	0
"ee9ca06862c0459047060c82131997d8"	0	0	0	0	0	22	0	0	0	4558	0	0	0	0	0
"ee9dc2ba659df9b6926df8a143cd6099"	0	0	1942	0	0	0	0	9095	0	0	0	0	0	0	0
"eeb4a1751841094063b798d565313aeb"	0	0	0	0	0	66	0	0	0	0	0	0	0	0	0
"ef572ee784486ec5d2025c90288d96e4"	0	0	357	0	0	286	0	0	0	0	0	0	86	52	0
"efc0625408b8b2098f6b9b6896ba8815"	0	0	36	0	0	0	0	0	0	0	0	0	0	0	0
"efd4efc90976ab2fc98f5903709ed068"	1446	0	781	0	2068	78	0	0	0	0	0	0	47	0	0
"f06b4940866eb55f753ce08e88c93b44"	0	57	0	0	0	0	0	0	0	0	0	0	0	0	0
"f11b951a862ec840cbcaccef30418632"	0	0	0	0	0	0	0	0	0	313	0	0	0	0	0
"f12aca2cb8259558205e74034aa47dc9"	0	0	0	0	0	1	0	0	0	0	0	0	0	0	0
"f1e9dbab633657fed37bfd15077ed49f"	0	0	0	0	0	2052	0	0	0	0	0	0	0	0	0
"f2d88fe65900ab03b5be6424c19d4e94"	0	104	0	0	0	0	0	0	0	0	0	0	0	0	0
"f2fc6121cb93790ccb7e6a0e06ff41cd"	0	0	0	0	0	0	3529	0	0	0	0	0	0	7965	0
"f2fe64b5695e7ca34e0a6d1d49fa2118"	0	0	252	0	0	0	0	0	0	0	0	0	0	0	0
"f31a17353aee56aea7c8e93e441e9895"	0	0	1484	0	0	0	0	730	0	0	0	0	172	0	0
"f3853ba98474ff1ca1b86940a7a1e510"	0	0	0	0	0	0	0	0	0	0	0	0	0	879	0
"f40bfe5048fbbf6e072e7a0f9af3f8f0"	0	0	0	0	0	0	0	0	0	0	0	0	72	0	0
"f43c58a8f5971fbe512c6591e0f189b7"	0	0	0	0	0	0	0	0	3	0	0	0	1257	0	0
"f4a93e5b7b3c3f6b275eda2a872f8967"	0	0	0	0	120	0	0	0	0	50	0	0	2	0	0
"f4ddaea377441833bb63f823e75ed9e7"	0	94	0	0	0	0	0	0	0	146	0	0	0	0	0
"f50d7e4dd394de64d040ccab6c546163"	0	0	0	0	0	0	0	0	0	0	0	0	0	0	2746
"f52eb00304a0bf79d94ae967133fcc8b"	0	0	0	0	15108	0	0	0	0	0	0	0	0	0	0
"f560a0d1ea7a8b08cf0bb32800c86f04"	0	0	297	799	132	0	446	0	0	758	2256	227	0	0	0
"f5da79fedbaadd2ee55ec097c6e4f7b4"	0	0	0	0	0	0	0	0	0	0	0	0	151	0	0
"f64c95ac1c91ed4d778e5a920c7231bf"	0	0	0	0	0	0	23	0	0	0	0	0	0	0	0
"f6ece5977528f4b35b6b3d956f35c228"	0	0	0	942	0	0	0	0	0	0	0	0	0	0	0
"f7a92eb257a7acd4bdb61e3a6d16b505"	0	60	0	0	1277	0	0	0	0	0	0	0	0	0	0
"f86b07d15e866c1b4bb385ca5de16777"	0	0	26265	0	0	0	0	0	0	0	0	0	0	0	0
"f8f71e89e534175fe25517cf0c0bae2f"	0	0	17	0	0	0	0	0	0	0	0	0	14	0	0
"f919c6d9a50ce5ee1c446c51f8783196"	0	1866	0	1216	0	0	6625	0	0	0	0	0	0	0	0
"f9514cd02c1f00aaa54fc00b63da4466"	0	0	0	538	0	0	0	0	0	0	0	147	0	0	0
"f9b86f714171c22ec38b14d96ea4f63b"	0	0	0	0	0	606	0	0	0	0	0	0	0	0	0
"f9ce88610c440141b0aa641ba914e648"	17682	7469	42785	38287	18779	12869	40342	59250	151	15303	49	103046	21527	0	76758
"f9eb6514459202224cda23d66cc7cb40"	0	0	0	0	92	0	0	0	0	0	0	0	0	0	0
"fa2b8078cfab2b6b040727cf836ecc29"	0	0	136	0	0	0	0	0	0	0	0	0	0	0	0
"fa4a03420f56b389c6ac099c1a45d223"	0	0	0	0	0	0	0	0	0	0	0	0	0	440	0
"fb0ad4813d8b354588da93138ffef0f3"	0	341	0	0	0	0	0	0	0	0	0	0	0	0	0
"fb5314c78416d95c500cf885399f1b17"	0	0	0	0	0	0	0	0	750	0	0	0	0	0	0
"fb7667a1dc4401930eac821470829270"	5472	0	0	0	0	0	0	0	0	0	0	0	0	0	0
"fb817d0c6790aaf5a2f18677072e37a1"	0	0	0	0	0	0	0	0	0	0	0	0	425	0	0
"fb87117f21d19df61263c383215c0330"	0	0	37393	0	0	0	0	0	0	0	0	0	0	0	0
"fb9f1069c2c89a471768e1c9b0965b95"	0	114	0	0	0	0	0	0	0	0	0	0	0	0	0
"fc017c2a109553692cb21f025df46425"	5599	0	0	0	0	0	0	0	0	0	0	0	0	0	0
"fc06d0626a947f5892e52540ace58301"	0	0	8	0	0	0	0	0	0	0	0	0	0	0	0
"fc13ae68b1740abed649119bff6ba70f"	0	0	0	0	0	0	0	0	0	0	11	0	0	0	0
"fc4a0f85bedf052c84d928f4781593fe"	0	0	481	0	0	0	0	0	0	0	0	0	0	0	0
"fc7b2747676657bdae6d79d6926db1f3"	0	0	0	93	178	0	0	0	0	0	0	0	0	949	0
"fc8097bb6d92281763eb4226a191fe82"	0	0	0	0	0	0	0	0	0	90	0	0	7	0	0
"fc9ab0422e9202ac6df5c27692f6b293"	0	0	0	0	0	0	0	0	0	0	0	0	0	1455	0
"fcc09e095a07136196ac67ca87a1f52b"	1005	0	0	0	0	0	0	0	0	0	0	0	0	0	0
"fcd1d9c5ca932e01ac9956e677676848"	0	0	0	0	0	0	0	0	0	747	0	0	0	0	0
"fce6edab8d8c54d1ba036ec9c52cdde8"	0	0	0	0	0	0	0	0	0	41	0	0	0	1477	0
"fd2d5f7649ba0e0fcc7a01b2650ead5c"	0	0	11314	0	3284	0	0	0	0	0	0	0	8574	0	0
"fd657120d597050ca60395b7eff4b966"	0	0	0	4185	0	0	0	0	46371	0	0	11201	13633	0	0
"fe10f51926bd3000047ff790075d7e0c"	0	0	0	0	0	0	0	0	0	1565	0	0	0	0	0
"fed9637a4b2ec2a63124374aead61538"	0	0	0	0	0	0	0	0	0	0	0	0	0	1617	0
"fef962ead7a08e219ecf62e1146b7d8a"	0	0	0	0	0	0	0	0	0	51490	0	0	0	0	0
"ff035500704d6dc1af60c201a2ccf961"	0	0	0	0	0	0	3	0	0	0	0	0	0	0	0
"ff216c9422d7a5f5d3489a4fa887cbe1"	0	0	361	0	0	0	0	0	0	0	0	0	0	0	0
"ff41a9cc7b6b603a2fe2d0a22a26ede6"	0	0	0	0	0	0	11499	0	0	0	0	0	0	6882	0
"ff6f26b308dff6ff29846e871b9024c1"	0	597	0	0	0	138	1174	0	0	536	0	0	0	234	0
"fffab3268fc3fc25a3dab7cc63f215d9"	0	0	0	0	0	109	0	0	0	0	0	0	0	0	0
"fffd89447a4db588b32d373ffc89d277"	0	0	0	398	0	0	0	0	0	0	0	216	0	0	0
